2583839	Scenedesmus falcatus	https://www.ncbi.nlm.nih.gov/genome/?term=txid2583839
2028496	Scenedesmus acunae	https://www.ncbi.nlm.nih.gov/genome/?term=txid2028496
1871349	Scenedesmus bijugatus	https://www.ncbi.nlm.nih.gov/genome/?term=txid1871349
1765901	Scenedesmus breviaculeatus	https://www.ncbi.nlm.nih.gov/genome/?term=txid1765901
1539023	Scenedesmus bijugus	https://www.ncbi.nlm.nih.gov/genome/?term=txid1539023
1407508	Scenedesmus ellipticus	https://www.ncbi.nlm.nih.gov/genome/?term=txid1407508
1034623	Scenedesmus armatus	https://www.ncbi.nlm.nih.gov/genome/?term=txid1034623
1034619	Scenedesmus bacillaris	https://www.ncbi.nlm.nih.gov/genome/?term=txid1034619
217270	Scenedesmus arcuatus	https://www.ncbi.nlm.nih.gov/genome/?term=txid217270
152630	Scenedesmus littoralis	https://www.ncbi.nlm.nih.gov/genome/?term=txid152630
119578	Scenedesmus longus	https://www.ncbi.nlm.nih.gov/genome/?term=txid119578
119577	Scenedesmus jovais	https://www.ncbi.nlm.nih.gov/genome/?term=txid119577
119575	Scenedesmus ecornis	https://www.ncbi.nlm.nih.gov/genome/?term=txid119575
119572	Scenedesmus basiliensis	https://www.ncbi.nlm.nih.gov/genome/?term=txid119572
119570	Scenedesmus aldavei	https://www.ncbi.nlm.nih.gov/genome/?term=txid119570
113536	Scenedesmus hindakii	https://www.ncbi.nlm.nih.gov/genome/?term=txid113536
113529	Scenedesmus obtusus	https://www.ncbi.nlm.nih.gov/genome/?term=txid113529
104104	Scenedesmus naegelii	https://www.ncbi.nlm.nih.gov/genome/?term=txid104104
104103	Scenedesmus acutus	https://www.ncbi.nlm.nih.gov/genome/?term=txid104103
77546	Scenedesmus vacuolatus	https://www.ncbi.nlm.nih.gov/genome/?term=txid77546
42693	Scenedesmus producto-capitatus	https://www.ncbi.nlm.nih.gov/genome/?term=txid42693
42468	Scenedesmus ovalternus	https://www.ncbi.nlm.nih.gov/genome/?term=txid42468
3089	Scenedesmus quadricauda	https://www.ncbi.nlm.nih.gov/genome/?term=txid3089
3073	[Chlorella] fusca	https://www.ncbi.nlm.nih.gov/genome/?term=txid3073
1539024	Scenedesmus bijugus var. obtusiusculus	https://www.ncbi.nlm.nih.gov/genome/?term=txid1539024
1848528	Scenedesmus armatus var. armatus	https://www.ncbi.nlm.nih.gov/genome/?term=txid1848528
1034625	Scenedesmus armatus var. brevicaudatus	https://www.ncbi.nlm.nih.gov/genome/?term=txid1034625
1034624	Scenedesmus armatus var. subalternans	https://www.ncbi.nlm.nih.gov/genome/?term=txid1034624
217271	Scenedesmus arcuatus var. arcuatus	https://www.ncbi.nlm.nih.gov/genome/?term=txid217271
1244701	Scenedesmus acutus f. costulatus	https://www.ncbi.nlm.nih.gov/genome/?term=txid1244701
1461603	Tetraedron minutum	https://www.ncbi.nlm.nih.gov/genome/?term=txid1461603
313987	Tetraedron pentaedricum	https://www.ncbi.nlm.nih.gov/genome/?term=txid313987
302394	Tetraedron caudatum	https://www.ncbi.nlm.nih.gov/genome/?term=txid302394
302393	Tetraedron minimum	https://www.ncbi.nlm.nih.gov/genome/?term=txid302393
302391	Tetraedron bitridens	https://www.ncbi.nlm.nih.gov/genome/?term=txid302391
1502120	Tetracystis sarcinalis	https://www.ncbi.nlm.nih.gov/genome/?term=txid1502120
1158273	Tetracystis texensis	https://www.ncbi.nlm.nih.gov/genome/?term=txid1158273
1158271	Tetracystis pulchra	https://www.ncbi.nlm.nih.gov/genome/?term=txid1158271
1158270	Tetracystis intermedia	https://www.ncbi.nlm.nih.gov/genome/?term=txid1158270
1158269	Tetracystis excentrica	https://www.ncbi.nlm.nih.gov/genome/?term=txid1158269
1148068	Tetracystis vinatzeri	https://www.ncbi.nlm.nih.gov/genome/?term=txid1148068
1148067	Tetracystis pampae	https://www.ncbi.nlm.nih.gov/genome/?term=txid1148067
1148063	Tetracystis diplobionticoidea	https://www.ncbi.nlm.nih.gov/genome/?term=txid1148063
44654	Tetracystis aeria	https://www.ncbi.nlm.nih.gov/genome/?term=txid44654
2094295	Pediastrum cf. subgranulatum MS-2018	https://www.ncbi.nlm.nih.gov/genome/?term=txid2094295
313988	Pediastrum berolinense	https://www.ncbi.nlm.nih.gov/genome/?term=txid313988
271408	Pediastrum angulosum	https://www.ncbi.nlm.nih.gov/genome/?term=txid271408
271404	Pediastrum braunii	https://www.ncbi.nlm.nih.gov/genome/?term=txid271404
3105	Pediastrum duplex	https://www.ncbi.nlm.nih.gov/genome/?term=txid3105
1662193	Pediastrum duplex Group II	https://www.ncbi.nlm.nih.gov/genome/?term=txid1662193
1662192	Pediastrum duplex Group I	https://www.ncbi.nlm.nih.gov/genome/?term=txid1662192
427914	Pediastrum duplex var. rugulosum	https://www.ncbi.nlm.nih.gov/genome/?term=txid427914
427912	Pediastrum duplex var. duplex	https://www.ncbi.nlm.nih.gov/genome/?term=txid427912
427911	Pediastrum duplex var. cohaerens	https://www.ncbi.nlm.nih.gov/genome/?term=txid427911
2873797	Monoraphidium tortile	https://www.ncbi.nlm.nih.gov/genome/?term=txid2873797
2528165	Monoraphidium griffithi	https://www.ncbi.nlm.nih.gov/genome/?term=txid2528165
2358408	Monoraphidium littorale	https://www.ncbi.nlm.nih.gov/genome/?term=txid2358408
2164107	Monoraphidium subclavatum	https://www.ncbi.nlm.nih.gov/genome/?term=txid2164107
1732392	Monoraphidium indicum	https://www.ncbi.nlm.nih.gov/genome/?term=txid1732392
1697149	Monoraphidium pseudobraunii	https://www.ncbi.nlm.nih.gov/genome/?term=txid1697149
1662589	Monoraphidium komarkovae	https://www.ncbi.nlm.nih.gov/genome/?term=txid1662589
1400014	Monoraphidium cf. dybowskii SAG 2393	https://www.ncbi.nlm.nih.gov/genome/?term=txid1400014
307517	Monoraphidium saxatile	https://www.ncbi.nlm.nih.gov/genome/?term=txid307517
307513	Monoraphidium convolutum	https://www.ncbi.nlm.nih.gov/genome/?term=txid307513
307512	Monoraphidium pusillum	https://www.ncbi.nlm.nih.gov/genome/?term=txid307512
307511	Monoraphidium contortum	https://www.ncbi.nlm.nih.gov/genome/?term=txid307511
270184	Monoraphidium circinale	https://www.ncbi.nlm.nih.gov/genome/?term=txid270184
82352	Monoraphidium terrestre	https://www.ncbi.nlm.nih.gov/genome/?term=txid82352
81818	Monoraphidium dybowskii	https://www.ncbi.nlm.nih.gov/genome/?term=txid81818
39955	Monoraphidium minutum	https://www.ncbi.nlm.nih.gov/genome/?term=txid39955
113528	Enallax costatus	https://www.ncbi.nlm.nih.gov/genome/?term=txid113528
91196	Enallax acutiformis	https://www.ncbi.nlm.nih.gov/genome/?term=txid91196
2028492	Kirchneriella incurvata	https://www.ncbi.nlm.nih.gov/genome/?term=txid2028492
1732391	Kirchneriella pseudoaperta	https://www.ncbi.nlm.nih.gov/genome/?term=txid1732391
1697147	Kirchneriella irregularis	https://www.ncbi.nlm.nih.gov/genome/?term=txid1697147
1500437	Kirchneriella cornuta	https://www.ncbi.nlm.nih.gov/genome/?term=txid1500437
1032548	Kirchneriella phaseoliformis	https://www.ncbi.nlm.nih.gov/genome/?term=txid1032548
875618	Kirchneriella obesa	https://www.ncbi.nlm.nih.gov/genome/?term=txid875618
875617	Kirchneriella dianae	https://www.ncbi.nlm.nih.gov/genome/?term=txid875617
117505	Kirchneriella aperta	https://www.ncbi.nlm.nih.gov/genome/?term=txid117505
55413	Kirchneriella lunaris	https://www.ncbi.nlm.nih.gov/genome/?term=txid55413
2259105	Oocystis marina	https://www.ncbi.nlm.nih.gov/genome/?term=txid2259105
1970658	Oocystis pusilla	https://www.ncbi.nlm.nih.gov/genome/?term=txid1970658
1913058	Oocystis naegelii	https://www.ncbi.nlm.nih.gov/genome/?term=txid1913058
1911611	Oocystis rhomboidea	https://www.ncbi.nlm.nih.gov/genome/?term=txid1911611
1803568	Oocystis borgei	https://www.ncbi.nlm.nih.gov/genome/?term=txid1803568
1461600	Oocystis polymorpha	https://www.ncbi.nlm.nih.gov/genome/?term=txid1461600
1244685	Oocystis parva	https://www.ncbi.nlm.nih.gov/genome/?term=txid1244685
858338	Oocystis minuta	https://www.ncbi.nlm.nih.gov/genome/?term=txid858338
415189	Oocystis apiculata	https://www.ncbi.nlm.nih.gov/genome/?term=txid415189
402398	Oocystis lacustris	https://www.ncbi.nlm.nih.gov/genome/?term=txid402398
120748	Oocystis marssonii	https://www.ncbi.nlm.nih.gov/genome/?term=txid120748
795116	Westella botryoides	https://www.ncbi.nlm.nih.gov/genome/?term=txid795116
2480874	Geminella ceramensis	https://www.ncbi.nlm.nih.gov/genome/?term=txid2480874
519238	Geminella interrupta	https://www.ncbi.nlm.nih.gov/genome/?term=txid519238
163309	Geminella minor	https://www.ncbi.nlm.nih.gov/genome/?term=txid163309
34148	Microthamnion kuetzingianum	https://www.ncbi.nlm.nih.gov/genome/?term=txid34148
2831089	Oedogonium dentireticulatum	https://www.ncbi.nlm.nih.gov/genome/?term=txid2831089
2831087	Oedogonium capilliforme	https://www.ncbi.nlm.nih.gov/genome/?term=txid2831087
1809116	Oedogonium intermedium	https://www.ncbi.nlm.nih.gov/genome/?term=txid1809116
468365	Oedogonium howardii	https://www.ncbi.nlm.nih.gov/genome/?term=txid468365
426496	Oedogonium obesum	https://www.ncbi.nlm.nih.gov/genome/?term=txid426496
337952	Oedogonium subdissimile	https://www.ncbi.nlm.nih.gov/genome/?term=txid337952
337951	Oedogonium eminens	https://www.ncbi.nlm.nih.gov/genome/?term=txid337951
337950	Oedogonium brevicingulatum	https://www.ncbi.nlm.nih.gov/genome/?term=txid337950
337947	Oedogonium tenerum	https://www.ncbi.nlm.nih.gov/genome/?term=txid337947
337946	Oedogonium subplagiostomum	https://www.ncbi.nlm.nih.gov/genome/?term=txid337946
337440	Oedogonium bharuchae	https://www.ncbi.nlm.nih.gov/genome/?term=txid337440
337033	Oedogonium rugulosum	https://www.ncbi.nlm.nih.gov/genome/?term=txid337033
337032	Oedogonium pluviale	https://www.ncbi.nlm.nih.gov/genome/?term=txid337032
337031	Oedogonium pusillum	https://www.ncbi.nlm.nih.gov/genome/?term=txid337031
337030	Oedogonium undulatum	https://www.ncbi.nlm.nih.gov/genome/?term=txid337030
337029	Oedogonium stellatum	https://www.ncbi.nlm.nih.gov/genome/?term=txid337029
337028	Oedogonium decipiens	https://www.ncbi.nlm.nih.gov/genome/?term=txid337028
336381	Oedogonium pakistanense	https://www.ncbi.nlm.nih.gov/genome/?term=txid336381
329040	Oedogonium nodulosum	https://www.ncbi.nlm.nih.gov/genome/?term=txid329040
321589	Oedogonium oblongum	https://www.ncbi.nlm.nih.gov/genome/?term=txid321589
321587	Oedogonium fragile	https://www.ncbi.nlm.nih.gov/genome/?term=txid321587
321586	Oedogonium vaucherii	https://www.ncbi.nlm.nih.gov/genome/?term=txid321586
321585	Oedogonium geniculatum	https://www.ncbi.nlm.nih.gov/genome/?term=txid321585
321584	Oedogonium foveolatum	https://www.ncbi.nlm.nih.gov/genome/?term=txid321584
321583	Oedogonium calliandrum	https://www.ncbi.nlm.nih.gov/genome/?term=txid321583
321582	Oedogonium donnellii	https://www.ncbi.nlm.nih.gov/genome/?term=txid321582
321581	Oedogonium borisianum	https://www.ncbi.nlm.nih.gov/genome/?term=txid321581
55995	Oedogonium cardiacum	https://www.ncbi.nlm.nih.gov/genome/?term=txid55995
55994	Oedogonium angustistomum	https://www.ncbi.nlm.nih.gov/genome/?term=txid55994
337441	Oedogonium bharuchae f. minor	https://www.ncbi.nlm.nih.gov/genome/?term=txid337441
308773	Heterothrix mucicola	https://www.ncbi.nlm.nih.gov/genome/?term=txid308773
2511770	Ophiocytium mucronatum	https://www.ncbi.nlm.nih.gov/genome/?term=txid2511770
308877	Ophiocytium parvulum	https://www.ncbi.nlm.nih.gov/genome/?term=txid308877
308876	Ophiocytium capitatum	https://www.ncbi.nlm.nih.gov/genome/?term=txid308876
73019	Ophiocytium majus	https://www.ncbi.nlm.nih.gov/genome/?term=txid73019
2749361	Cosmarium cataractarum	https://www.ncbi.nlm.nih.gov/genome/?term=txid2749361
2722867	Cosmarium thwaitesii	https://www.ncbi.nlm.nih.gov/genome/?term=txid2722867
1302300	Cosmarium turpinii	https://www.ncbi.nlm.nih.gov/genome/?term=txid1302300
1244618	Cosmarium galeritum	https://www.ncbi.nlm.nih.gov/genome/?term=txid1244618
664896	Cosmarium messikommeri	https://www.ncbi.nlm.nih.gov/genome/?term=txid664896
664895	Cosmarium askenasyi	https://www.ncbi.nlm.nih.gov/genome/?term=txid664895
664161	Cosmarium cf. tenue M3036	https://www.ncbi.nlm.nih.gov/genome/?term=txid664161
664159	Cosmarium vogesiacum	https://www.ncbi.nlm.nih.gov/genome/?term=txid664159
664158	Cosmarium tumens	https://www.ncbi.nlm.nih.gov/genome/?term=txid664158
664155	Cosmarium retusiforme	https://www.ncbi.nlm.nih.gov/genome/?term=txid664155
664154	Cosmarium quadratulum	https://www.ncbi.nlm.nih.gov/genome/?term=txid664154
664153	Cosmarium pseudopyramidatum	https://www.ncbi.nlm.nih.gov/genome/?term=txid664153
664152	Cosmarium pseudoholmii	https://www.ncbi.nlm.nih.gov/genome/?term=txid664152
664151	Cosmarium prominulum	https://www.ncbi.nlm.nih.gov/genome/?term=txid664151
664150	Cosmarium praemorsum	https://www.ncbi.nlm.nih.gov/genome/?term=txid664150
664149	Cosmarium polygonum	https://www.ncbi.nlm.nih.gov/genome/?term=txid664149
664148	Cosmarium ocellatum	https://www.ncbi.nlm.nih.gov/genome/?term=txid664148
664147	Cosmarium moniliferum	https://www.ncbi.nlm.nih.gov/genome/?term=txid664147
485971	Cosmarium vexatum	https://www.ncbi.nlm.nih.gov/genome/?term=txid485971
485970	Cosmarium trachypleurum	https://www.ncbi.nlm.nih.gov/genome/?term=txid485970
485969	Cosmarium tinctum	https://www.ncbi.nlm.nih.gov/genome/?term=txid485969
485968	Cosmarium tetraophthalmum	https://www.ncbi.nlm.nih.gov/genome/?term=txid485968
485967	Cosmarium tessellatum	https://www.ncbi.nlm.nih.gov/genome/?term=txid485967
485966	Cosmarium subochthodes	https://www.ncbi.nlm.nih.gov/genome/?term=txid485966
485965	Cosmarium subgranatum	https://www.ncbi.nlm.nih.gov/genome/?term=txid485965
485964	Cosmarium subcrenatum	https://www.ncbi.nlm.nih.gov/genome/?term=txid485964
485959	Cosmarium sinostegos	https://www.ncbi.nlm.nih.gov/genome/?term=txid485959
485958	Cosmarium regnellii	https://www.ncbi.nlm.nih.gov/genome/?term=txid485958
485954	Cosmarium quadratum	https://www.ncbi.nlm.nih.gov/genome/?term=txid485954
485953	Cosmarium punctulatum	https://www.ncbi.nlm.nih.gov/genome/?term=txid485953
485952	Cosmarium pseudonitidulum	https://www.ncbi.nlm.nih.gov/genome/?term=txid485952
485951	Cosmarium protractum	https://www.ncbi.nlm.nih.gov/genome/?term=txid485951
485950	Cosmarium portianum	https://www.ncbi.nlm.nih.gov/genome/?term=txid485950
485949	Cosmarium phaseolus	https://www.ncbi.nlm.nih.gov/genome/?term=txid485949
485948	Cosmarium perforatum	https://www.ncbi.nlm.nih.gov/genome/?term=txid485948
485947	Cosmarium ornatum	https://www.ncbi.nlm.nih.gov/genome/?term=txid485947
485946	Cosmarium ochthodes	https://www.ncbi.nlm.nih.gov/genome/?term=txid485946
485944	Cosmarium notabile	https://www.ncbi.nlm.nih.gov/genome/?term=txid485944
485943	Cosmarium meneghinii	https://www.ncbi.nlm.nih.gov/genome/?term=txid485943
485942	Cosmarium margaritiferum	https://www.ncbi.nlm.nih.gov/genome/?term=txid485942
485941	Cosmarium maculatum	https://www.ncbi.nlm.nih.gov/genome/?term=txid485941
485940	Cosmarium holmii	https://www.ncbi.nlm.nih.gov/genome/?term=txid485940
485939	Cosmarium difficile	https://www.ncbi.nlm.nih.gov/genome/?term=txid485939
485938	Cosmarium decedens	https://www.ncbi.nlm.nih.gov/genome/?term=txid485938
485937	Cosmarium cyclicum	https://www.ncbi.nlm.nih.gov/genome/?term=txid485937
485936	Cosmarium crenatum	https://www.ncbi.nlm.nih.gov/genome/?term=txid485936
485935	Cosmarium connatum	https://www.ncbi.nlm.nih.gov/genome/?term=txid485935
485934	Cosmarium caelatum	https://www.ncbi.nlm.nih.gov/genome/?term=txid485934
485933	Cosmarium broomei	https://www.ncbi.nlm.nih.gov/genome/?term=txid485933
485932	Cosmarium biretum	https://www.ncbi.nlm.nih.gov/genome/?term=txid485932
485931	Cosmarium binum	https://www.ncbi.nlm.nih.gov/genome/?term=txid485931
485930	Cosmarium amoenum	https://www.ncbi.nlm.nih.gov/genome/?term=txid485930
328297	Cosmarium pseudoconnatum	https://www.ncbi.nlm.nih.gov/genome/?term=txid328297
328295	Cosmarium reniforme	https://www.ncbi.nlm.nih.gov/genome/?term=txid328295
328293	Cosmarium debaryi	https://www.ncbi.nlm.nih.gov/genome/?term=txid328293
328292	Cosmarium dentatum	https://www.ncbi.nlm.nih.gov/genome/?term=txid328292
328291	Cosmarium sexangulare	https://www.ncbi.nlm.nih.gov/genome/?term=txid328291
328290	Cosmarium auriculatum	https://www.ncbi.nlm.nih.gov/genome/?term=txid328290
328289	Cosmarium exiguum	https://www.ncbi.nlm.nih.gov/genome/?term=txid328289
328287	Cosmarium norimbergense	https://www.ncbi.nlm.nih.gov/genome/?term=txid328287
328286	Cosmarium levinotabile	https://www.ncbi.nlm.nih.gov/genome/?term=txid328286
328285	Cosmarium laeve	https://www.ncbi.nlm.nih.gov/genome/?term=txid328285
328283	Cosmarium tenue	https://www.ncbi.nlm.nih.gov/genome/?term=txid328283
328282	Cosmarium costatum	https://www.ncbi.nlm.nih.gov/genome/?term=txid328282
328281	Cosmarium blyttii	https://www.ncbi.nlm.nih.gov/genome/?term=txid328281
328280	Cosmarium subtumidum	https://www.ncbi.nlm.nih.gov/genome/?term=txid328280
328278	Cosmarium subprotumidum	https://www.ncbi.nlm.nih.gov/genome/?term=txid328278
292383	Cosmarium dilatatum	https://www.ncbi.nlm.nih.gov/genome/?term=txid292383
292382	Cosmarium depressum	https://www.ncbi.nlm.nih.gov/genome/?term=txid292382
279055	Cosmarium boergesenii	https://www.ncbi.nlm.nih.gov/genome/?term=txid279055
266115	Cosmarium obsoletum	https://www.ncbi.nlm.nih.gov/genome/?term=txid266115
238752	Cosmarium formosulum	https://www.ncbi.nlm.nih.gov/genome/?term=txid238752
188370	Cosmarium trilobulatum	https://www.ncbi.nlm.nih.gov/genome/?term=txid188370
188369	Cosmarium subcucumis	https://www.ncbi.nlm.nih.gov/genome/?term=txid188369
188368	Cosmarium subcostatum	https://www.ncbi.nlm.nih.gov/genome/?term=txid188368
188366	Cosmarium quadrum	https://www.ncbi.nlm.nih.gov/genome/?term=txid188366
188364	Cosmarium pachydermum	https://www.ncbi.nlm.nih.gov/genome/?term=txid188364
188363	Cosmarium impressulum	https://www.ncbi.nlm.nih.gov/genome/?term=txid188363
188361	Cosmarium humile	https://www.ncbi.nlm.nih.gov/genome/?term=txid188361
188360	Cosmarium hammeri	https://www.ncbi.nlm.nih.gov/genome/?term=txid188360
188356	Cosmarium cucumis	https://www.ncbi.nlm.nih.gov/genome/?term=txid188356
188355	Cosmarium bioculatum	https://www.ncbi.nlm.nih.gov/genome/?term=txid188355
184500	Cosmarium ovale	https://www.ncbi.nlm.nih.gov/genome/?term=txid184500
184499	Cosmarium lundellii	https://www.ncbi.nlm.nih.gov/genome/?term=txid184499
184497	Cosmarium isthmium	https://www.ncbi.nlm.nih.gov/genome/?term=txid184497
184496	Cosmarium elegantissimum	https://www.ncbi.nlm.nih.gov/genome/?term=txid184496
184495	Cosmarium contractum	https://www.ncbi.nlm.nih.gov/genome/?term=txid184495
98438	Cosmarium undulatum	https://www.ncbi.nlm.nih.gov/genome/?term=txid98438
98437	Cosmarium tumidum	https://www.ncbi.nlm.nih.gov/genome/?term=txid98437
98436	Cosmarium succisum	https://www.ncbi.nlm.nih.gov/genome/?term=txid98436
98435	Cosmarium rectangulare	https://www.ncbi.nlm.nih.gov/genome/?term=txid98435
98434	Cosmarium obtusatum	https://www.ncbi.nlm.nih.gov/genome/?term=txid98434
98433	Cosmarium granatum	https://www.ncbi.nlm.nih.gov/genome/?term=txid98433
98432	Cosmarium fontarabiense	https://www.ncbi.nlm.nih.gov/genome/?term=txid98432
98431	Cosmarium angulosum	https://www.ncbi.nlm.nih.gov/genome/?term=txid98431
33101	Cosmarium botrytis	https://www.ncbi.nlm.nih.gov/genome/?term=txid33101
2722868	Cosmarium thwaitesii var. penioides	https://www.ncbi.nlm.nih.gov/genome/?term=txid2722868
1244619	Cosmarium galeritum var. minus	https://www.ncbi.nlm.nih.gov/genome/?term=txid1244619
485960	Cosmarium sinostegos var. obtusus	https://www.ncbi.nlm.nih.gov/genome/?term=txid485960
485945	Cosmarium notabile var. medium	https://www.ncbi.nlm.nih.gov/genome/?term=txid485945
328288	Cosmarium norimbergense var. depressum	https://www.ncbi.nlm.nih.gov/genome/?term=txid328288
328294	Cosmarium subprotumidum var. gregorii	https://www.ncbi.nlm.nih.gov/genome/?term=txid328294
279056	Cosmarium boergesenii var. polymorphum	https://www.ncbi.nlm.nih.gov/genome/?term=txid279056
485955	Cosmarium quadrum var. sublatum	https://www.ncbi.nlm.nih.gov/genome/?term=txid485955
188367	Cosmarium quadrum var. minus	https://www.ncbi.nlm.nih.gov/genome/?term=txid188367
188365	Cosmarium pachydermum f. parvum	https://www.ncbi.nlm.nih.gov/genome/?term=txid188365
188362	Cosmarium humile var. substriatum	https://www.ncbi.nlm.nih.gov/genome/?term=txid188362
188357	Cosmarium cucumis var. magnum	https://www.ncbi.nlm.nih.gov/genome/?term=txid188357
184498	Cosmarium isthmium f. hibernicum	https://www.ncbi.nlm.nih.gov/genome/?term=txid184498
328279	Cosmarium angulosum f. rotundatum	https://www.ncbi.nlm.nih.gov/genome/?term=txid328279
592402	Cylindrocystis cushleckae	https://www.ncbi.nlm.nih.gov/genome/?term=txid592402
592401	Cylindrocystis cf. brebissonii M-2853	https://www.ncbi.nlm.nih.gov/genome/?term=txid592401
226515	Cylindrocystis cf. cushleckae M-2158	https://www.ncbi.nlm.nih.gov/genome/?term=txid226515
184488	Cylindrocystis crassa	https://www.ncbi.nlm.nih.gov/genome/?term=txid184488
102167	Cylindrocystis brebissonii	https://www.ncbi.nlm.nih.gov/genome/?term=txid102167
226517	Cylindrocystis brebissonii var. deserti	https://www.ncbi.nlm.nih.gov/genome/?term=txid226517
2044895	Glaucocystis cf. nostochinearum	https://www.ncbi.nlm.nih.gov/genome/?term=txid2044895
1789789	Glaucocystis miyajii	https://www.ncbi.nlm.nih.gov/genome/?term=txid1789789
1789788	Glaucocystis incrassata	https://www.ncbi.nlm.nih.gov/genome/?term=txid1789788
1789787	Glaucocystis geitleri	https://www.ncbi.nlm.nih.gov/genome/?term=txid1789787
1789786	Glaucocystis bhattacharyae	https://www.ncbi.nlm.nih.gov/genome/?term=txid1789786
1789783	Glaucocystis oocystiformis	https://www.ncbi.nlm.nih.gov/genome/?term=txid1789783
38271	Glaucocystis nostochinearum	https://www.ncbi.nlm.nih.gov/genome/?term=txid38271
226519	Netrium oblongum	https://www.ncbi.nlm.nih.gov/genome/?term=txid226519
43946	Netrium digitus	https://www.ncbi.nlm.nih.gov/genome/?term=txid43946
426049	Netrium digitus var. lamellosum	https://www.ncbi.nlm.nih.gov/genome/?term=txid426049
226518	Netrium digitus var. latum	https://www.ncbi.nlm.nih.gov/genome/?term=txid226518
1664066	Monomorphina parapyrum	https://www.ncbi.nlm.nih.gov/genome/?term=txid1664066
565119	Monomorphina pseudopyrum	https://www.ncbi.nlm.nih.gov/genome/?term=txid565119
304863	Monomorphina aenigmatica	https://www.ncbi.nlm.nih.gov/genome/?term=txid304863
298304	Monomorphina pyriformis	https://www.ncbi.nlm.nih.gov/genome/?term=txid298304
298300	Monomorphina rudicula	https://www.ncbi.nlm.nih.gov/genome/?term=txid298300
298291	Monomorphina ovata	https://www.ncbi.nlm.nih.gov/genome/?term=txid298291
298290	Monomorphina megalopsis	https://www.ncbi.nlm.nih.gov/genome/?term=txid298290
298287	Monomorphina pseudonordstedti	https://www.ncbi.nlm.nih.gov/genome/?term=txid298287
216132	Monomorphina reeuwykiana	https://www.ncbi.nlm.nih.gov/genome/?term=txid216132
158828	Monomorphina striata	https://www.ncbi.nlm.nih.gov/genome/?term=txid158828
96784	Monomorphina pyrum	https://www.ncbi.nlm.nih.gov/genome/?term=txid96784
201857	Monomorphina pyrum var. ovata	https://www.ncbi.nlm.nih.gov/genome/?term=txid201857
2980502	Synura longitubularis	https://www.ncbi.nlm.nih.gov/genome/?term=txid2980502
2781058	Synura punctulosa	https://www.ncbi.nlm.nih.gov/genome/?term=txid2781058
2775969	Synura praefracta	https://www.ncbi.nlm.nih.gov/genome/?term=txid2775969
2712954	Synura vinlandica	https://www.ncbi.nlm.nih.gov/genome/?term=txid2712954
2712953	Synura fluviatilis	https://www.ncbi.nlm.nih.gov/genome/?term=txid2712953
2712952	Synura cornuta	https://www.ncbi.nlm.nih.gov/genome/?term=txid2712952
2682161	Synura leptorrhabda	https://www.ncbi.nlm.nih.gov/genome/?term=txid2682161
2682136	Synura kristiansenii	https://www.ncbi.nlm.nih.gov/genome/?term=txid2682136
1740116	Synura laticarina	https://www.ncbi.nlm.nih.gov/genome/?term=txid1740116
1740115	Synura hibernica	https://www.ncbi.nlm.nih.gov/genome/?term=txid1740115
1740114	Synura heteropora	https://www.ncbi.nlm.nih.gov/genome/?term=txid1740114
1740113	Synura borealis	https://www.ncbi.nlm.nih.gov/genome/?term=txid1740113
1677826	Synura sungminbooi	https://www.ncbi.nlm.nih.gov/genome/?term=txid1677826
1677825	Synura soroconopea	https://www.ncbi.nlm.nih.gov/genome/?term=txid1677825
1677823	Synura lanceolata	https://www.ncbi.nlm.nih.gov/genome/?term=txid1677823
1285454	Synura truttae	https://www.ncbi.nlm.nih.gov/genome/?term=txid1285454
1285452	Synura conopea	https://www.ncbi.nlm.nih.gov/genome/?term=txid1285452
1285434	Synura macropora	https://www.ncbi.nlm.nih.gov/genome/?term=txid1285434
1261428	Synura multidentata	https://www.ncbi.nlm.nih.gov/genome/?term=txid1261428
1261426	Synura bjoerkii	https://www.ncbi.nlm.nih.gov/genome/?term=txid1261426
1261425	Synura asmundiae	https://www.ncbi.nlm.nih.gov/genome/?term=txid1261425
1261423	Synura macracantha	https://www.ncbi.nlm.nih.gov/genome/?term=txid1261423
1231898	Synura americana	https://www.ncbi.nlm.nih.gov/genome/?term=txid1231898
703082	Synura echinulata	https://www.ncbi.nlm.nih.gov/genome/?term=txid703082
52557	Synura uvella	https://www.ncbi.nlm.nih.gov/genome/?term=txid52557
52555	Synura petersenii	https://www.ncbi.nlm.nih.gov/genome/?term=txid52555
52554	Synura mammillosa	https://www.ncbi.nlm.nih.gov/genome/?term=txid52554
52553	Synura glabra	https://www.ncbi.nlm.nih.gov/genome/?term=txid52553
47573	Synura synuroidea	https://www.ncbi.nlm.nih.gov/genome/?term=txid47573
2576626	Trentepohlia odorata	https://www.ncbi.nlm.nih.gov/genome/?term=txid2576626
1985646	Trentepohlia rigidula	https://www.ncbi.nlm.nih.gov/genome/?term=txid1985646
1985645	Trentepohlia prolifera	https://www.ncbi.nlm.nih.gov/genome/?term=txid1985645
1985644	Trentepohlia minima	https://www.ncbi.nlm.nih.gov/genome/?term=txid1985644
1985643	Trentepohlia diffusa	https://www.ncbi.nlm.nih.gov/genome/?term=txid1985643
1985642	Trentepohlia chinensis	https://www.ncbi.nlm.nih.gov/genome/?term=txid1985642
1985632	Trentepohlia cf. aurea HZ-2017	https://www.ncbi.nlm.nih.gov/genome/?term=txid1985632
1985631	Trentepohlia cf. umbrina HZ-2017	https://www.ncbi.nlm.nih.gov/genome/?term=txid1985631
1985629	Trentepohlia cf. arborum HZ-2017	https://www.ncbi.nlm.nih.gov/genome/?term=txid1985629
1985627	Trentepohlia cf. jolithus HZ-2017	https://www.ncbi.nlm.nih.gov/genome/?term=txid1985627
1283245	Trentepohlia cf. annulata TreFl87	https://www.ncbi.nlm.nih.gov/genome/?term=txid1283245
1283244	Trentepohlia cf. annulata TreFl84	https://www.ncbi.nlm.nih.gov/genome/?term=txid1283244
1283243	Trentepohlia cf. annulata TreFl83	https://www.ncbi.nlm.nih.gov/genome/?term=txid1283243
1137283	Trentepohlia cf. arborum D81	https://www.ncbi.nlm.nih.gov/genome/?term=txid1137283
647945	Trentepohlia flava	https://www.ncbi.nlm.nih.gov/genome/?term=txid647945
647944	Trentepohlia dusenii	https://www.ncbi.nlm.nih.gov/genome/?term=txid647944
647943	Trentepohlia cf. umbrina UNA00068476	https://www.ncbi.nlm.nih.gov/genome/?term=txid647943
647942	Trentepohlia cf. jolithus UNA00068471	https://www.ncbi.nlm.nih.gov/genome/?term=txid647942
647941	Trentepohlia cf. abietina UNA00068461	https://www.ncbi.nlm.nih.gov/genome/?term=txid647941
647921	Trentepohlia cf. flintii UNA00068472	https://www.ncbi.nlm.nih.gov/genome/?term=txid647921
647920	Trentepohlia cf. annulata UNA00068475	https://www.ncbi.nlm.nih.gov/genome/?term=txid647920
374117	Trentepohlia umbrina	https://www.ncbi.nlm.nih.gov/genome/?term=txid374117
374116	Trentepohlia annulata	https://www.ncbi.nlm.nih.gov/genome/?term=txid374116
374115	Trentepohlia abietina	https://www.ncbi.nlm.nih.gov/genome/?term=txid374115
208158	Trentepohlia jolithus	https://www.ncbi.nlm.nih.gov/genome/?term=txid208158
173377	Trentepohlia dialepta	https://www.ncbi.nlm.nih.gov/genome/?term=txid173377
173376	Trentepohlia aurea	https://www.ncbi.nlm.nih.gov/genome/?term=txid173376
173375	Trentepohlia arborum	https://www.ncbi.nlm.nih.gov/genome/?term=txid173375
173373	Trentepohlia monilia	https://www.ncbi.nlm.nih.gov/genome/?term=txid173373
1732388	Ankistrodesmus sigmoideus	https://www.ncbi.nlm.nih.gov/genome/?term=txid1732388
1732387	Ankistrodesmus bernardii	https://www.ncbi.nlm.nih.gov/genome/?term=txid1732387
1697146	Ankistrodesmus fasciculatus	https://www.ncbi.nlm.nih.gov/genome/?term=txid1697146
1519560	Ankistrodesmus densus	https://www.ncbi.nlm.nih.gov/genome/?term=txid1519560
1461599	Ankistrodesmus arcuatus	https://www.ncbi.nlm.nih.gov/genome/?term=txid1461599
1262683	Ankistrodesmus westii	https://www.ncbi.nlm.nih.gov/genome/?term=txid1262683
875616	Ankistrodesmus nannoselene	https://www.ncbi.nlm.nih.gov/genome/?term=txid875616
191687	Ankistrodesmus fusiformis	https://www.ncbi.nlm.nih.gov/genome/?term=txid191687
52960	Ankistrodesmus falcatus	https://www.ncbi.nlm.nih.gov/genome/?term=txid52960
3109	Ankistrodesmus stipitatus	https://www.ncbi.nlm.nih.gov/genome/?term=txid3109
1244594	Ankistrodesmus falcatus var. tumidus	https://www.ncbi.nlm.nih.gov/genome/?term=txid1244594
55402	Actinastrum hantzschii	https://www.ncbi.nlm.nih.gov/genome/?term=txid55402
2911188	Chlorella cf. sorokiniana VS-2022	https://www.ncbi.nlm.nih.gov/genome/?term=txid2911188
2768420	Chlorella cf. pituita WT-3-1-L2	https://www.ncbi.nlm.nih.gov/genome/?term=txid2768420
2649997	Chlorella ohadii	https://www.ncbi.nlm.nih.gov/genome/?term=txid2649997
2028501	Chlorella neustonica	https://www.ncbi.nlm.nih.gov/genome/?term=txid2028501
1848530	Chlorella miniata	https://www.ncbi.nlm.nih.gov/genome/?term=txid1848530
1848529	Chlorella antarctica	https://www.ncbi.nlm.nih.gov/genome/?term=txid1848529
1812861	Chlorella thermophila	https://www.ncbi.nlm.nih.gov/genome/?term=txid1812861
1595981	Chlorella pituita	https://www.ncbi.nlm.nih.gov/genome/?term=txid1595981
1521755	Chlorella stigmatophora	https://www.ncbi.nlm.nih.gov/genome/?term=txid1521755
1497561	Chlorella parva	https://www.ncbi.nlm.nih.gov/genome/?term=txid1497561
1297540	Chlorella chlorelloides	https://www.ncbi.nlm.nih.gov/genome/?term=txid1297540
1227105	Chlorella cf. vulgaris CHPCL2	https://www.ncbi.nlm.nih.gov/genome/?term=txid1227105
1227104	Chlorella cf. vulgaris CHPCL1	https://www.ncbi.nlm.nih.gov/genome/?term=txid1227104
1065483	Chlorella rotunda	https://www.ncbi.nlm.nih.gov/genome/?term=txid1065483
1065482	Chlorella singularis	https://www.ncbi.nlm.nih.gov/genome/?term=txid1065482
1065481	Chlorella volutis	https://www.ncbi.nlm.nih.gov/genome/?term=txid1065481
554071	Chlorella coloniales	https://www.ncbi.nlm.nih.gov/genome/?term=txid554071
554070	Chlorella lewinii	https://www.ncbi.nlm.nih.gov/genome/?term=txid554070
554069	Chlorella elongata	https://www.ncbi.nlm.nih.gov/genome/?term=txid554069
554068	Chlorella pulchelloides	https://www.ncbi.nlm.nih.gov/genome/?term=txid554068
554066	Chlorella heliozoae	https://www.ncbi.nlm.nih.gov/genome/?term=txid554066
390794	Chlorella regularis	https://www.ncbi.nlm.nih.gov/genome/?term=txid390794
289237	Chlorella salina	https://www.ncbi.nlm.nih.gov/genome/?term=txid289237
3076	Chlorella sorokiniana	https://www.ncbi.nlm.nih.gov/genome/?term=txid3076
2219871	Chlorella endosymbiont of Stentor polymorphus	https://www.ncbi.nlm.nih.gov/genome/?term=txid2219871
2219870	Chlorella endosymbiont of Spirostomum semivirescens	https://www.ncbi.nlm.nih.gov/genome/?term=txid2219870
309838	Chlorella symbiont of Hydra viridis	https://www.ncbi.nlm.nih.gov/genome/?term=txid309838
390795	Chlorella regularis var. minima	https://www.ncbi.nlm.nih.gov/genome/?term=txid390795
619269	Chlorella vulgaris var. vulgaris	https://www.ncbi.nlm.nih.gov/genome/?term=txid619269
296569	Chlorella vulgaris var. autotrophica	https://www.ncbi.nlm.nih.gov/genome/?term=txid296569
2814043	Botryococcus protuberans	https://www.ncbi.nlm.nih.gov/genome/?term=txid2814043
1471368	Botryococcus terribilis	https://www.ncbi.nlm.nih.gov/genome/?term=txid1471368
38881	Botryococcus braunii	https://www.ncbi.nlm.nih.gov/genome/?term=txid38881
1231577	Botryococcus braunii UMA2	https://www.ncbi.nlm.nih.gov/genome/?term=txid1231577
1202541	Botryococcus braunii Showa	https://www.ncbi.nlm.nih.gov/genome/?term=txid1202541
869302	Botryococcus braunii BOT88-2	https://www.ncbi.nlm.nih.gov/genome/?term=txid869302
869301	Botryococcus braunii BOT22	https://www.ncbi.nlm.nih.gov/genome/?term=txid869301
34112	Chlorolobion braunii	https://www.ncbi.nlm.nih.gov/genome/?term=txid34112
1461597	Coelastrum pulchrum	https://www.ncbi.nlm.nih.gov/genome/?term=txid1461597
795112	Coelastrum proboscideum	https://www.ncbi.nlm.nih.gov/genome/?term=txid795112
795111	Coelastrum morum	https://www.ncbi.nlm.nih.gov/genome/?term=txid795111
795110	Coelastrum cambricum	https://www.ncbi.nlm.nih.gov/genome/?term=txid795110
183313	Coelastrum pseudomicroporum	https://www.ncbi.nlm.nih.gov/genome/?term=txid183313
183310	Coelastrum astroideum	https://www.ncbi.nlm.nih.gov/genome/?term=txid183310
55409	Coelastrum microporum	https://www.ncbi.nlm.nih.gov/genome/?term=txid55409
795114	Coelastrum proboscideum var. gracile	https://www.ncbi.nlm.nih.gov/genome/?term=txid795114
795113	Coelastrum proboscideum var. dilatatum	https://www.ncbi.nlm.nih.gov/genome/?term=txid795113
183311	Coelastrum astroideum var. rugosum	https://www.ncbi.nlm.nih.gov/genome/?term=txid183311
2782531	Crucigenia mucronata	https://www.ncbi.nlm.nih.gov/genome/?term=txid2782531
2782530	Crucigenia quadrata	https://www.ncbi.nlm.nih.gov/genome/?term=txid2782530
1519557	Crucigenia pulchra	https://www.ncbi.nlm.nih.gov/genome/?term=txid1519557
1211292	Crucigenia lauterbornii	https://www.ncbi.nlm.nih.gov/genome/?term=txid1211292
2853269	Stichococcus sequoieti	https://www.ncbi.nlm.nih.gov/genome/?term=txid2853269
2853268	Stichococcus undulatus	https://www.ncbi.nlm.nih.gov/genome/?term=txid2853268
2283347	Stichococcus antarcticus	https://www.ncbi.nlm.nih.gov/genome/?term=txid2283347
1861765	Stichococcus fragilis	https://www.ncbi.nlm.nih.gov/genome/?term=txid1861765
1115877	Stichococcus minutus	https://www.ncbi.nlm.nih.gov/genome/?term=txid1115877
413990	Stichococcus chloranthus	https://www.ncbi.nlm.nih.gov/genome/?term=txid413990
240393	Stichococcus chlorelloides	https://www.ncbi.nlm.nih.gov/genome/?term=txid240393
154978	Stichococcus mirabilis	https://www.ncbi.nlm.nih.gov/genome/?term=txid154978
37433	Stichococcus bacillaris	https://www.ncbi.nlm.nih.gov/genome/?term=txid37433
2801508	Ostreococcus cf. tauri Haraguchi & Lundholm s.n.	https://www.ncbi.nlm.nih.gov/genome/?term=txid2801508
54407	Sarcinochrysis marina	https://www.ncbi.nlm.nih.gov/genome/?term=txid54407
2850830	Tetraselmis jejuensis	https://www.ncbi.nlm.nih.gov/genome/?term=txid2850830
2510444	Tetraselmis levis	https://www.ncbi.nlm.nih.gov/genome/?term=txid2510444
2510443	Tetraselmis desikacharyi	https://www.ncbi.nlm.nih.gov/genome/?term=txid2510443
2510442	Tetraselmis contracta	https://www.ncbi.nlm.nih.gov/genome/?term=txid2510442
2510441	Tetraselmis ascus	https://www.ncbi.nlm.nih.gov/genome/?term=txid2510441
1764268	Tetraselmis rubens	https://www.ncbi.nlm.nih.gov/genome/?term=txid1764268
1689752	Tetraselmis wettsteinii	https://www.ncbi.nlm.nih.gov/genome/?term=txid1689752
1517497	Tetraselmis apiculata	https://www.ncbi.nlm.nih.gov/genome/?term=txid1517497
1445872	Tetraselmis helgolandica	https://www.ncbi.nlm.nih.gov/genome/?term=txid1445872
1193275	Tetraselmis gracilis	https://www.ncbi.nlm.nih.gov/genome/?term=txid1193275
1074897	Tetraselmis astigmatica	https://www.ncbi.nlm.nih.gov/genome/?term=txid1074897
1041104	Tetraselmis indica	https://www.ncbi.nlm.nih.gov/genome/?term=txid1041104
748148	Tetraselmis viridis	https://www.ncbi.nlm.nih.gov/genome/?term=txid748148
445571	Tetraselmis tetrathele	https://www.ncbi.nlm.nih.gov/genome/?term=txid445571
426497	Tetraselmis cordiformis	https://www.ncbi.nlm.nih.gov/genome/?term=txid426497
270643	Tetraselmis suecica	https://www.ncbi.nlm.nih.gov/genome/?term=txid270643
160065	Tetraselmis carteriiformis	https://www.ncbi.nlm.nih.gov/genome/?term=txid160065
63592	Tetraselmis chuii	https://www.ncbi.nlm.nih.gov/genome/?term=txid63592
41888	Tetraselmis marina	https://www.ncbi.nlm.nih.gov/genome/?term=txid41888
41887	Tetraselmis aff. maculata	https://www.ncbi.nlm.nih.gov/genome/?term=txid41887
34154	Tetraselmis convolutae	https://www.ncbi.nlm.nih.gov/genome/?term=txid34154
3165	Tetraselmis striata	https://www.ncbi.nlm.nih.gov/genome/?term=txid3165
3161	Tetraselmis subcordiformis	https://www.ncbi.nlm.nih.gov/genome/?term=txid3161
2873799	Tetraselmis helgolandica var. tsingtaoensis	https://www.ncbi.nlm.nih.gov/genome/?term=txid2873799
1321669	Tisochrysis lutea	https://www.ncbi.nlm.nih.gov/genome/?term=txid1321669
249345	Picochlorum oklahomense	https://www.ncbi.nlm.nih.gov/genome/?term=txid249345
133490	Picochlorum atomus	https://www.ncbi.nlm.nih.gov/genome/?term=txid133490
133488	Picochlorum maculatum	https://www.ncbi.nlm.nih.gov/genome/?term=txid133488
3188	Picochlorum eukaryotum	https://www.ncbi.nlm.nih.gov/genome/?term=txid3188
1075084	Bathycoccus prasinos RCC1105	https://www.ncbi.nlm.nih.gov/genome/?term=txid1075084
2806028	Dolichomastigales incertae sedis	https://www.ncbi.nlm.nih.gov/genome/?term=txid2806028
2722871	Ceratium cornutum	https://www.ncbi.nlm.nih.gov/genome/?term=txid2722871
1186198	Ceratium furcoides	https://www.ncbi.nlm.nih.gov/genome/?term=txid1186198
261830	Ceratium hirundinella	https://www.ncbi.nlm.nih.gov/genome/?term=txid261830
2962706	Chaetoceros densoelegans	https://www.ncbi.nlm.nih.gov/genome/?term=txid2962706
2893949	Chaetoceros separatus	https://www.ncbi.nlm.nih.gov/genome/?term=txid2893949
2893923	Chaetoceros denticulatus	https://www.ncbi.nlm.nih.gov/genome/?term=txid2893923
2835129	Chaetoceros cf. flexuosus	https://www.ncbi.nlm.nih.gov/genome/?term=txid2835129
2809014	Chaetoceros olympicus	https://www.ncbi.nlm.nih.gov/genome/?term=txid2809014
2749680	Chaetoceros messanensis	https://www.ncbi.nlm.nih.gov/genome/?term=txid2749680
2749679	Chaetoceros paradoxus	https://www.ncbi.nlm.nih.gov/genome/?term=txid2749679
2749678	Chaetoceros borealis	https://www.ncbi.nlm.nih.gov/genome/?term=txid2749678
2749677	Chaetoceros pseudocrinitus	https://www.ncbi.nlm.nih.gov/genome/?term=txid2749677
2599628	Chaetoceros cf. lorenzianus	https://www.ncbi.nlm.nih.gov/genome/?term=txid2599628
2599627	Chaetoceros cf. decipiens	https://www.ncbi.nlm.nih.gov/genome/?term=txid2599627
2589062	Chaetoceros densus	https://www.ncbi.nlm.nih.gov/genome/?term=txid2589062
2575570	Chaetoceros acadianus	https://www.ncbi.nlm.nih.gov/genome/?term=txid2575570
2569856	Chaetoceros cf. lauderi	https://www.ncbi.nlm.nih.gov/genome/?term=txid2569856
2555685	Chaetoceros cf. decipiens El6B1	https://www.ncbi.nlm.nih.gov/genome/?term=txid2555685
2555684	Chaetoceros cf. convolutus L7-B6	https://www.ncbi.nlm.nih.gov/genome/?term=txid2555684
2491667	Chaetoceros pauciramosus	https://www.ncbi.nlm.nih.gov/genome/?term=txid2491667
2485797	Chaetoceros millipedarius	https://www.ncbi.nlm.nih.gov/genome/?term=txid2485797
2485796	Chaetoceros bifurcatus	https://www.ncbi.nlm.nih.gov/genome/?term=txid2485796
2107305	Chaetoceros cf. convolutus	https://www.ncbi.nlm.nih.gov/genome/?term=txid2107305
2082247	Chaetoceros cf. pseudodichaeta	https://www.ncbi.nlm.nih.gov/genome/?term=txid2082247
2082246	Chaetoceros cf. vixvisibilis	https://www.ncbi.nlm.nih.gov/genome/?term=txid2082246
2082245	Chaetoceros cf. tortissimus	https://www.ncbi.nlm.nih.gov/genome/?term=txid2082245
2082241	Chaetoceros tortissimus	https://www.ncbi.nlm.nih.gov/genome/?term=txid2082241
2082240	Chaetoceros throndsenii	https://www.ncbi.nlm.nih.gov/genome/?term=txid2082240
2082237	Chaetoceros seiracanthus	https://www.ncbi.nlm.nih.gov/genome/?term=txid2082237
2082236	Chaetoceros eibenii	https://www.ncbi.nlm.nih.gov/genome/?term=txid2082236
2082235	Chaetoceros convolutus	https://www.ncbi.nlm.nih.gov/genome/?term=txid2082235
2082234	Chaetoceros circinalis	https://www.ncbi.nlm.nih.gov/genome/?term=txid2082234
2082233	Chaetoceros anastomosans	https://www.ncbi.nlm.nih.gov/genome/?term=txid2082233
2070339	Chaetoceros subtilis	https://www.ncbi.nlm.nih.gov/genome/?term=txid2070339
1973198	Chaetoceros dichatoensis	https://www.ncbi.nlm.nih.gov/genome/?term=txid1973198
1973196	Chaetoceros cinctus	https://www.ncbi.nlm.nih.gov/genome/?term=txid1973196
1937694	Chaetoceros elegans	https://www.ncbi.nlm.nih.gov/genome/?term=txid1937694
1937693	Chaetoceros mannaii	https://www.ncbi.nlm.nih.gov/genome/?term=txid1937693
1937690	Chaetoceros mitra	https://www.ncbi.nlm.nih.gov/genome/?term=txid1937690
1922286	Chaetoceros cf. neogracilis clade IV	https://www.ncbi.nlm.nih.gov/genome/?term=txid1922286
1922285	Chaetoceros cf. neogracilis clade III	https://www.ncbi.nlm.nih.gov/genome/?term=txid1922285
1922284	Chaetoceros cf. neogracilis clade II	https://www.ncbi.nlm.nih.gov/genome/?term=txid1922284
1922283	Chaetoceros cf. neogracilis clade I	https://www.ncbi.nlm.nih.gov/genome/?term=txid1922283
1827196	Chaetoceros minimus	https://www.ncbi.nlm.nih.gov/genome/?term=txid1827196
1764972	Chaetoceros wighamii	https://www.ncbi.nlm.nih.gov/genome/?term=txid1764972
1764850	Chaetoceros cf. wighamii	https://www.ncbi.nlm.nih.gov/genome/?term=txid1764850
1657017	Chaetoceros hirtisetus	https://www.ncbi.nlm.nih.gov/genome/?term=txid1657017
1631823	Chaetoceros salsugineus	https://www.ncbi.nlm.nih.gov/genome/?term=txid1631823
1631821	Chaetoceros holsaticus	https://www.ncbi.nlm.nih.gov/genome/?term=txid1631821
1573537	Chaetoceros dayaensis	https://www.ncbi.nlm.nih.gov/genome/?term=txid1573537
1497510	Chaetoceros gelidus	https://www.ncbi.nlm.nih.gov/genome/?term=txid1497510
1497509	Chaetoceros fallax	https://www.ncbi.nlm.nih.gov/genome/?term=txid1497509
1390973	Chaetoceros cf. lorenzianus IT-Dia51	https://www.ncbi.nlm.nih.gov/genome/?term=txid1390973
1384505	Chaetoceros contortus	https://www.ncbi.nlm.nih.gov/genome/?term=txid1384505
1367200	Chaetoceros cf. radicans 2 SEH-2013	https://www.ncbi.nlm.nih.gov/genome/?term=txid1367200
1367199	Chaetoceros cf. radicans 1 SEH-2013	https://www.ncbi.nlm.nih.gov/genome/?term=txid1367199
1367198	Chaetoceros cf. pseudobrevis 2 SEH-2013	https://www.ncbi.nlm.nih.gov/genome/?term=txid1367198
1367197	Chaetoceros cf. pseudobrevis 1 SEH-2013	https://www.ncbi.nlm.nih.gov/genome/?term=txid1367197
1367196	Chaetoceros cf. lorenzianus 2 SEH-2013	https://www.ncbi.nlm.nih.gov/genome/?term=txid1367196
1367195	Chaetoceros cf. lorenzianus 1 SEH-2013	https://www.ncbi.nlm.nih.gov/genome/?term=txid1367195
1367194	Chaetoceros cf. laciniosus 2 SEH-2013	https://www.ncbi.nlm.nih.gov/genome/?term=txid1367194
1367193	Chaetoceros cf. laciniosus 1 SEH-2013	https://www.ncbi.nlm.nih.gov/genome/?term=txid1367193
1367192	Chaetoceros cf. diadema 2 SEH-2013	https://www.ncbi.nlm.nih.gov/genome/?term=txid1367192
1367191	Chaetoceros cf. diadema 1 SEH-2013	https://www.ncbi.nlm.nih.gov/genome/?term=txid1367191
1367190	Chaetoceros cf. decipiens 2 SEH-2013	https://www.ncbi.nlm.nih.gov/genome/?term=txid1367190
1367189	Chaetoceros cf. decipiens 1 SEH-2013	https://www.ncbi.nlm.nih.gov/genome/?term=txid1367189
1367188	Chaetoceros cf. debilis 2 SEH-2013	https://www.ncbi.nlm.nih.gov/genome/?term=txid1367188
1367187	Chaetoceros cf. debilis 1 SEH-2013	https://www.ncbi.nlm.nih.gov/genome/?term=txid1367187
1367186	Chaetoceros cf. contortus 2 SEH-2013	https://www.ncbi.nlm.nih.gov/genome/?term=txid1367186
1367185	Chaetoceros cf. contortus 1 SEH-2013	https://www.ncbi.nlm.nih.gov/genome/?term=txid1367185
1366900	Chaetoceros constrictus	https://www.ncbi.nlm.nih.gov/genome/?term=txid1366900
1366870	Chaetoceros concavicornis	https://www.ncbi.nlm.nih.gov/genome/?term=txid1366870
1366869	Chaetoceros similis	https://www.ncbi.nlm.nih.gov/genome/?term=txid1366869
1366867	Chaetoceros teres	https://www.ncbi.nlm.nih.gov/genome/?term=txid1366867
1357343	Chaetoceros laciniosus	https://www.ncbi.nlm.nih.gov/genome/?term=txid1357343
1290580	Chaetoceros setoense	https://www.ncbi.nlm.nih.gov/genome/?term=txid1290580
1227101	Chaetoceros cf. lorenzianus CHPCT1	https://www.ncbi.nlm.nih.gov/genome/?term=txid1227101
1048732	Chaetoceros cf. peruvianus	https://www.ncbi.nlm.nih.gov/genome/?term=txid1048732
1048532	Chaetoceros cf. neogracilis	https://www.ncbi.nlm.nih.gov/genome/?term=txid1048532
1035519	Chaetoceros cf. socialis	https://www.ncbi.nlm.nih.gov/genome/?term=txid1035519
655751	Chaetoceros decipiens	https://www.ncbi.nlm.nih.gov/genome/?term=txid655751
515473	Chaetoceros radicans	https://www.ncbi.nlm.nih.gov/genome/?term=txid515473
427312	Chaetoceros lauderi	https://www.ncbi.nlm.nih.gov/genome/?term=txid427312
426637	Chaetoceros pseudocurvisetus	https://www.ncbi.nlm.nih.gov/genome/?term=txid426637
426636	Chaetoceros protuberans	https://www.ncbi.nlm.nih.gov/genome/?term=txid426636
426635	Chaetoceros peruvianus	https://www.ncbi.nlm.nih.gov/genome/?term=txid426635
426634	Chaetoceros lorenzianus	https://www.ncbi.nlm.nih.gov/genome/?term=txid426634
426633	Chaetoceros diversus	https://www.ncbi.nlm.nih.gov/genome/?term=txid426633
426632	Chaetoceros diadema	https://www.ncbi.nlm.nih.gov/genome/?term=txid426632
426631	Chaetoceros danicus	https://www.ncbi.nlm.nih.gov/genome/?term=txid426631
426630	Chaetoceros costatus	https://www.ncbi.nlm.nih.gov/genome/?term=txid426630
426629	Chaetoceros compressus	https://www.ncbi.nlm.nih.gov/genome/?term=txid426629
426628	Chaetoceros cf. debilis	https://www.ncbi.nlm.nih.gov/genome/?term=txid426628
426627	Chaetoceros cf. curvisetus	https://www.ncbi.nlm.nih.gov/genome/?term=txid426627
426626	Chaetoceros castracanei	https://www.ncbi.nlm.nih.gov/genome/?term=txid426626
426625	Chaetoceros brevis	https://www.ncbi.nlm.nih.gov/genome/?term=txid426625
426624	Chaetoceros atlanticus	https://www.ncbi.nlm.nih.gov/genome/?term=txid426624
426623	Chaetoceros affinis	https://www.ncbi.nlm.nih.gov/genome/?term=txid426623
420782	Chaetoceros dichaeta	https://www.ncbi.nlm.nih.gov/genome/?term=txid420782
265524	Chaetoceros calcitrans	https://www.ncbi.nlm.nih.gov/genome/?term=txid265524
240364	Chaetoceros neogracilis	https://www.ncbi.nlm.nih.gov/genome/?term=txid240364
230516	Chaetoceros curvisetus	https://www.ncbi.nlm.nih.gov/genome/?term=txid230516
184592	Chaetoceros gracilis	https://www.ncbi.nlm.nih.gov/genome/?term=txid184592
163503	Chaetoceros socialis	https://www.ncbi.nlm.nih.gov/genome/?term=txid163503
156587	Chaetoceros simplex	https://www.ncbi.nlm.nih.gov/genome/?term=txid156587
122233	Chaetoceros debilis	https://www.ncbi.nlm.nih.gov/genome/?term=txid122233
49239	Chaetoceros rostratus	https://www.ncbi.nlm.nih.gov/genome/?term=txid49239
49238	Chaetoceros didymus	https://www.ncbi.nlm.nih.gov/genome/?term=txid49238
2070340	Chaetoceros subtilis var. abnormis	https://www.ncbi.nlm.nih.gov/genome/?term=txid2070340
2093987	Chaetoceros contortus var. contortus	https://www.ncbi.nlm.nih.gov/genome/?term=txid2093987
1657016	Chaetoceros contortus var. ornatus	https://www.ncbi.nlm.nih.gov/genome/?term=txid1657016
281058	Chaetoceros calcitrans f. pumilus	https://www.ncbi.nlm.nih.gov/genome/?term=txid281058
369971	Chaetoceros simplex var. calcitrans	https://www.ncbi.nlm.nih.gov/genome/?term=txid369971
1764286	Chloropicon sieburthii	https://www.ncbi.nlm.nih.gov/genome/?term=txid1764286
1606511	Chloropicon mariensis	https://www.ncbi.nlm.nih.gov/genome/?term=txid1606511
1461544	Chloropicon roscoffensis	https://www.ncbi.nlm.nih.gov/genome/?term=txid1461544
1461542	Chloropicon maureeniae	https://www.ncbi.nlm.nih.gov/genome/?term=txid1461542
464258	Chloropicon laureae	https://www.ncbi.nlm.nih.gov/genome/?term=txid464258
67809	Gymnochlora stellata	https://www.ncbi.nlm.nih.gov/genome/?term=txid67809
2927231	Amphidinium bipes	https://www.ncbi.nlm.nih.gov/genome/?term=txid2927231
2870477	Amphidinium uduigamense	https://www.ncbi.nlm.nih.gov/genome/?term=txid2870477
2870476	Amphidinium pagoense	https://www.ncbi.nlm.nih.gov/genome/?term=txid2870476
2863857	Amphidinium stirisquamtum	https://www.ncbi.nlm.nih.gov/genome/?term=txid2863857
2781982	Amphidinium cf. boggayum	https://www.ncbi.nlm.nih.gov/genome/?term=txid2781982
2781981	Amphidinium boggayum	https://www.ncbi.nlm.nih.gov/genome/?term=txid2781981
2781975	Amphidinium cf. tomasii	https://www.ncbi.nlm.nih.gov/genome/?term=txid2781975
2781974	Amphidinium cf. mootonorum	https://www.ncbi.nlm.nih.gov/genome/?term=txid2781974
1973886	Amphidinium paucianulatum	https://www.ncbi.nlm.nih.gov/genome/?term=txid1973886
1973885	Amphidinium magnum	https://www.ncbi.nlm.nih.gov/genome/?term=txid1973885
1973884	Amphidinium pseudomassartii	https://www.ncbi.nlm.nih.gov/genome/?term=txid1973884
1973883	Amphidinium theodori	https://www.ncbi.nlm.nih.gov/genome/?term=txid1973883
1973882	Amphidinium fijiensis	https://www.ncbi.nlm.nih.gov/genome/?term=txid1973882
1973880	Amphidinium cf. massartii	https://www.ncbi.nlm.nih.gov/genome/?term=txid1973880
1973879	Amphidinium cf. thermaeum	https://www.ncbi.nlm.nih.gov/genome/?term=txid1973879
1932012	Amphidinium tomasii	https://www.ncbi.nlm.nih.gov/genome/?term=txid1932012
1642932	Amphidinium cf. massartii CAWD222	https://www.ncbi.nlm.nih.gov/genome/?term=txid1642932
1641588	Amphidinium crassum	https://www.ncbi.nlm.nih.gov/genome/?term=txid1641588
994772	Amphidinium rhynchocephalum	https://www.ncbi.nlm.nih.gov/genome/?term=txid994772
670800	Amphidinium thermaeum	https://www.ncbi.nlm.nih.gov/genome/?term=txid670800
590956	Amphidinium cupulatisquama	https://www.ncbi.nlm.nih.gov/genome/?term=txid590956
261829	Amphidinium cf. rhynchocephalum UTEX LB 1946	https://www.ncbi.nlm.nih.gov/genome/?term=txid261829
261828	Amphidinium cf. operculatum CCMP1342	https://www.ncbi.nlm.nih.gov/genome/?term=txid261828
259925	Amphidinium incoloratum	https://www.ncbi.nlm.nih.gov/genome/?term=txid259925
259924	Amphidinium mootonorum	https://www.ncbi.nlm.nih.gov/genome/?term=txid259924
259923	Amphidinium steinii	https://www.ncbi.nlm.nih.gov/genome/?term=txid259923
259922	Amphidinium gibbosum	https://www.ncbi.nlm.nih.gov/genome/?term=txid259922
259921	Amphidinium trulla	https://www.ncbi.nlm.nih.gov/genome/?term=txid259921
176852	Amphidinium eilatiensis	https://www.ncbi.nlm.nih.gov/genome/?term=txid176852
160604	Amphidinium massartii	https://www.ncbi.nlm.nih.gov/genome/?term=txid160604
160603	Amphidinium longum	https://www.ncbi.nlm.nih.gov/genome/?term=txid160603
160602	Amphidinium herdmanii	https://www.ncbi.nlm.nih.gov/genome/?term=txid160602
160601	Amphidinium corpulentum	https://www.ncbi.nlm.nih.gov/genome/?term=txid160601
160600	Amphidinium asymmetricum	https://www.ncbi.nlm.nih.gov/genome/?term=txid160600
142105	Amphidinium klebsii	https://www.ncbi.nlm.nih.gov/genome/?term=txid142105
107036	Amphidinium operculatum	https://www.ncbi.nlm.nih.gov/genome/?term=txid107036
27934	Amphidinium belauense	https://www.ncbi.nlm.nih.gov/genome/?term=txid27934
2030942	Thecadinium cf. kofoidii	https://www.ncbi.nlm.nih.gov/genome/?term=txid2030942
913593	Thecadinium yashimaense	https://www.ncbi.nlm.nih.gov/genome/?term=txid913593
255067	Thecadinium foveolatum	https://www.ncbi.nlm.nih.gov/genome/?term=txid255067
240360	Thecadinium kofoidii	https://www.ncbi.nlm.nih.gov/genome/?term=txid240360
240359	Thecadinium mucosum	https://www.ncbi.nlm.nih.gov/genome/?term=txid240359
2868072	Pleurochrysis bruchi	https://www.ncbi.nlm.nih.gov/genome/?term=txid2868072
97483	Pleurochrysis elongata	https://www.ncbi.nlm.nih.gov/genome/?term=txid97483
35135	Pleurochrysis haptonemofera	https://www.ncbi.nlm.nih.gov/genome/?term=txid35135
2738935	Dinophyceae incertae sedis	https://www.ncbi.nlm.nih.gov/genome/?term=txid2738935
47170	unidentified symbiotic dinoflagellates	https://www.ncbi.nlm.nih.gov/genome/?term=txid47170
433501	Naked dinoflagellate UDNSW0701	https://www.ncbi.nlm.nih.gov/genome/?term=txid433501
433500	Thecate dinoflagellate UDTSW0701	https://www.ncbi.nlm.nih.gov/genome/?term=txid433500
263007	Ceratium-like dinoflagellate HZ-2004	https://www.ncbi.nlm.nih.gov/genome/?term=txid263007
2686023	Syndiniales incertae sedis	https://www.ncbi.nlm.nih.gov/genome/?term=txid2686023
75304	unknown symbiotic dinoflagellate	https://www.ncbi.nlm.nih.gov/genome/?term=txid75304
47175	unidentified symbiotic dinoflagellate BBSR 323	https://www.ncbi.nlm.nih.gov/genome/?term=txid47175
47173	unidentified symbiotic dinoflagellate from Collozoum caudatum	https://www.ncbi.nlm.nih.gov/genome/?term=txid47173
47172	unidentified symbiotic dinoflagellate BBSR 332	https://www.ncbi.nlm.nih.gov/genome/?term=txid47172
47171	unidentified symbiotic dinoflagellate BBSR 153	https://www.ncbi.nlm.nih.gov/genome/?term=txid47171
47146	unidentified symbiotic dinoflagellate BBSR 159	https://www.ncbi.nlm.nih.gov/genome/?term=txid47146
2735799	Peridiniales incertae sedis	https://www.ncbi.nlm.nih.gov/genome/?term=txid2735799
2746695	Azadinium perfusorium	https://www.ncbi.nlm.nih.gov/genome/?term=txid2746695
2746694	Azadinium galwayense	https://www.ncbi.nlm.nih.gov/genome/?term=txid2746694
2576346	Azadinium perforatum	https://www.ncbi.nlm.nih.gov/genome/?term=txid2576346
2005494	Azadinium zhuanum	https://www.ncbi.nlm.nih.gov/genome/?term=txid2005494
1519425	Azadinium trinitatum	https://www.ncbi.nlm.nih.gov/genome/?term=txid1519425
1519424	Azadinium cuneatum	https://www.ncbi.nlm.nih.gov/genome/?term=txid1519424
1519423	Azadinium concinnum	https://www.ncbi.nlm.nih.gov/genome/?term=txid1519423
1486022	Azadinium dexteroporum	https://www.ncbi.nlm.nih.gov/genome/?term=txid1486022
1428570	Azadinium dalianense	https://www.ncbi.nlm.nih.gov/genome/?term=txid1428570
1249456	Azadinium polongum	https://www.ncbi.nlm.nih.gov/genome/?term=txid1249456
1129410	Azadinium caudatum	https://www.ncbi.nlm.nih.gov/genome/?term=txid1129410
1052040	Azadinium cf. poporum HJ-2011	https://www.ncbi.nlm.nih.gov/genome/?term=txid1052040
1034652	Azadinium poporum	https://www.ncbi.nlm.nih.gov/genome/?term=txid1034652
633638	Azadinium obesum	https://www.ncbi.nlm.nih.gov/genome/?term=txid633638
1196158	Azadinium caudatum var. margalefii	https://www.ncbi.nlm.nih.gov/genome/?term=txid1196158
1196157	Azadinium caudatum var. caudatum	https://www.ncbi.nlm.nih.gov/genome/?term=txid1196157
2759018	Karlodinium azanzae	https://www.ncbi.nlm.nih.gov/genome/?term=txid2759018
2715897	Karlodinium elegans	https://www.ncbi.nlm.nih.gov/genome/?term=txid2715897
2590415	Karlodinium jejuense	https://www.ncbi.nlm.nih.gov/genome/?term=txid2590415
2291467	Karlodinium zhouanum	https://www.ncbi.nlm.nih.gov/genome/?term=txid2291467
2067434	Karlodinium digitatum	https://www.ncbi.nlm.nih.gov/genome/?term=txid2067434
1573503	Karlodinium gentienii	https://www.ncbi.nlm.nih.gov/genome/?term=txid1573503
446482	Karlodinium decipiens	https://www.ncbi.nlm.nih.gov/genome/?term=txid446482
446481	Karlodinium corrugatum	https://www.ncbi.nlm.nih.gov/genome/?term=txid446481
446480	Karlodinium conicum	https://www.ncbi.nlm.nih.gov/genome/?term=txid446480
446479	Karlodinium ballantinum	https://www.ncbi.nlm.nih.gov/genome/?term=txid446479
446478	Karlodinium antarcticum	https://www.ncbi.nlm.nih.gov/genome/?term=txid446478
407301	Karlodinium veneficum	https://www.ncbi.nlm.nih.gov/genome/?term=txid407301
342588	Karlodinium armiger	https://www.ncbi.nlm.nih.gov/genome/?term=txid342588
341263	Karlodinium australe	https://www.ncbi.nlm.nih.gov/genome/?term=txid341263
3003490	Heterocapsa horiguchii	https://www.ncbi.nlm.nih.gov/genome/?term=txid3003490
2995691	Heterocapsa borneoensis	https://www.ncbi.nlm.nih.gov/genome/?term=txid2995691
2995690	Heterocapsa limii	https://www.ncbi.nlm.nih.gov/genome/?term=txid2995690
2995689	Heterocapsa iwatakii	https://www.ncbi.nlm.nih.gov/genome/?term=txid2995689
2995687	Heterocapsa bohaiensis	https://www.ncbi.nlm.nih.gov/genome/?term=txid2995687
2822388	Heterocapsa philippinensis	https://www.ncbi.nlm.nih.gov/genome/?term=txid2822388
2772177	Heterocapsa busanensis	https://www.ncbi.nlm.nih.gov/genome/?term=txid2772177
2650469	Heterocapsa claromecoensis	https://www.ncbi.nlm.nih.gov/genome/?term=txid2650469
2578210	Heterocapsa steinii	https://www.ncbi.nlm.nih.gov/genome/?term=txid2578210
2039876	Heterocapsa pseudotriquetra	https://www.ncbi.nlm.nih.gov/genome/?term=txid2039876
1655547	Heterocapsa psammophila	https://www.ncbi.nlm.nih.gov/genome/?term=txid1655547
1391882	Heterocapsa minima	https://www.ncbi.nlm.nih.gov/genome/?term=txid1391882
658141	Heterocapsa huensis	https://www.ncbi.nlm.nih.gov/genome/?term=txid658141
511288	Heterocapsa lanceolata	https://www.ncbi.nlm.nih.gov/genome/?term=txid511288
263739	Heterocapsa orientalis	https://www.ncbi.nlm.nih.gov/genome/?term=txid263739
192219	Heterocapsa arctica	https://www.ncbi.nlm.nih.gov/genome/?term=txid192219
139025	Heterocapsa circularisquama	https://www.ncbi.nlm.nih.gov/genome/?term=txid139025
89963	Heterocapsa rotundata	https://www.ncbi.nlm.nih.gov/genome/?term=txid89963
66468	Heterocapsa triquetra	https://www.ncbi.nlm.nih.gov/genome/?term=txid66468
35672	Heterocapsa pygmaea	https://www.ncbi.nlm.nih.gov/genome/?term=txid35672
2920	Heterocapsa niei	https://www.ncbi.nlm.nih.gov/genome/?term=txid2920
2919	Heterocapsa illdefina	https://www.ncbi.nlm.nih.gov/genome/?term=txid2919
296670	Ankylochrysis lutea	https://www.ncbi.nlm.nih.gov/genome/?term=txid296670
75981	Trebouxiophyceae incertae sedis	https://www.ncbi.nlm.nih.gov/genome/?term=txid75981
1938899	chlorobiont of Psora decipiens	https://www.ncbi.nlm.nih.gov/genome/?term=txid1938899
1293081	chlorobiont of Xanthoria parietina 'Bilecik'	https://www.ncbi.nlm.nih.gov/genome/?term=txid1293081
253326	chlorobiont of Peltigera britannica Rikkinen 98A16	https://www.ncbi.nlm.nih.gov/genome/?term=txid253326
253325	chlorobiont of Nephroma arcticum Rikkinen 004009	https://www.ncbi.nlm.nih.gov/genome/?term=txid253325
253324	chlorobiont of Nephroma arcticum Wehr 59	https://www.ncbi.nlm.nih.gov/genome/?term=txid253324
248543	chlorobiont of Nephroma expallidum	https://www.ncbi.nlm.nih.gov/genome/?term=txid248543
175241	Prasiolales incertae sedis	https://www.ncbi.nlm.nih.gov/genome/?term=txid175241
255711	Chlorellales incertae sedis	https://www.ncbi.nlm.nih.gov/genome/?term=txid255711
97100	Ulvophyceae incertae sedis	https://www.ncbi.nlm.nih.gov/genome/?term=txid97100
1181717	Synchroma pusillum	https://www.ncbi.nlm.nih.gov/genome/?term=txid1181717
399391	Synchroma grande	https://www.ncbi.nlm.nih.gov/genome/?term=txid399391
139984	Stylonema cornu-cervi	https://www.ncbi.nlm.nih.gov/genome/?term=txid139984
35155	Stylonema alsidii	https://www.ncbi.nlm.nih.gov/genome/?term=txid35155
2666306	Alexandrium fraterculus	https://www.ncbi.nlm.nih.gov/genome/?term=txid2666306
2484999	Alexandrium cf. minutum	https://www.ncbi.nlm.nih.gov/genome/?term=txid2484999
2005682	Alexandrium fragae	https://www.ncbi.nlm.nih.gov/genome/?term=txid2005682
1610848	Alexandrium pohangense	https://www.ncbi.nlm.nih.gov/genome/?term=txid1610848
1565495	Alexandrium australiense	https://www.ncbi.nlm.nih.gov/genome/?term=txid1565495
1565494	Alexandrium pacificum	https://www.ncbi.nlm.nih.gov/genome/?term=txid1565494
1565493	Alexandrium mediterraneum	https://www.ncbi.nlm.nih.gov/genome/?term=txid1565493
1349995	Alexandrium cf. tamarense FR-2013	https://www.ncbi.nlm.nih.gov/genome/?term=txid1349995
1346794	Alexandrium diversaporum	https://www.ncbi.nlm.nih.gov/genome/?term=txid1346794
638645	Alexandrium cf. fundyense	https://www.ncbi.nlm.nih.gov/genome/?term=txid638645
378505	Alexandrium peruvianum	https://www.ncbi.nlm.nih.gov/genome/?term=txid378505
327968	Alexandrium andersonii	https://www.ncbi.nlm.nih.gov/genome/?term=txid327968
311494	Alexandrium monilatum	https://www.ncbi.nlm.nih.gov/genome/?term=txid311494
261185	Alexandrium satoanum	https://www.ncbi.nlm.nih.gov/genome/?term=txid261185
261184	Alexandrium hiranoi	https://www.ncbi.nlm.nih.gov/genome/?term=txid261184
227983	Alexandrium tamutum	https://www.ncbi.nlm.nih.gov/genome/?term=txid227983
201731	Alexandrium tamiyavanichii	https://www.ncbi.nlm.nih.gov/genome/?term=txid201731
191036	Alexandrium cf. catenella	https://www.ncbi.nlm.nih.gov/genome/?term=txid191036
109239	Alexandrium margalefii	https://www.ncbi.nlm.nih.gov/genome/?term=txid109239
109157	Alexandrium taylorii	https://www.ncbi.nlm.nih.gov/genome/?term=txid109157
65670	Alexandrium pseudogonyaulax	https://www.ncbi.nlm.nih.gov/genome/?term=txid65670
40986	Alexandrium ostenfeldii	https://www.ncbi.nlm.nih.gov/genome/?term=txid40986
39455	Alexandrium minutum	https://www.ncbi.nlm.nih.gov/genome/?term=txid39455
39454	Alexandrium excavatum	https://www.ncbi.nlm.nih.gov/genome/?term=txid39454
39453	Alexandrium affine	https://www.ncbi.nlm.nih.gov/genome/?term=txid39453
2939	Alexandrium tropicale	https://www.ncbi.nlm.nih.gov/genome/?term=txid2939
2938	Alexandrium lusitanicum	https://www.ncbi.nlm.nih.gov/genome/?term=txid2938
2937	Alexandrium leei	https://www.ncbi.nlm.nih.gov/genome/?term=txid2937
2936	Alexandrium kutnerae	https://www.ncbi.nlm.nih.gov/genome/?term=txid2936
2935	Alexandrium insuetum	https://www.ncbi.nlm.nih.gov/genome/?term=txid2935
2932	Alexandrium fundyense	https://www.ncbi.nlm.nih.gov/genome/?term=txid2932
2929	Alexandrium concavum	https://www.ncbi.nlm.nih.gov/genome/?term=txid2929
2928	Alexandrium cohorticula	https://www.ncbi.nlm.nih.gov/genome/?term=txid2928
2926	Alexandrium tamarense	https://www.ncbi.nlm.nih.gov/genome/?term=txid2926
2925	Alexandrium catenella	https://www.ncbi.nlm.nih.gov/genome/?term=txid2925
1203003	Alexandrium tamarense SPE10-03	https://www.ncbi.nlm.nih.gov/genome/?term=txid1203003
1202990	Alexandrium tamarense ATSP1-B	https://www.ncbi.nlm.nih.gov/genome/?term=txid1202990
1522272	Guanchochroma wildpretii	https://www.ncbi.nlm.nih.gov/genome/?term=txid1522272
88271	Picocystis salinarum	https://www.ncbi.nlm.nih.gov/genome/?term=txid88271
2816198	Rhodomonas storeatuloformis	https://www.ncbi.nlm.nih.gov/genome/?term=txid2816198
2571256	Rhodomonas irregularis	https://www.ncbi.nlm.nih.gov/genome/?term=txid2571256
1326779	Rhodomonas minuta	https://www.ncbi.nlm.nih.gov/genome/?term=txid1326779
1326778	Rhodomonas atrorosea	https://www.ncbi.nlm.nih.gov/genome/?term=txid1326778
356656	Rhodomonas astrosea	https://www.ncbi.nlm.nih.gov/genome/?term=txid356656
356655	Rhodomonas falcata	https://www.ncbi.nlm.nih.gov/genome/?term=txid356655
354590	Rhodomonas lens	https://www.ncbi.nlm.nih.gov/genome/?term=txid354590
314296	Rhodomonas ovalis	https://www.ncbi.nlm.nih.gov/genome/?term=txid314296
295837	Rhodomonas baltica	https://www.ncbi.nlm.nih.gov/genome/?term=txid295837
254934	Rhodomonas duplex	https://www.ncbi.nlm.nih.gov/genome/?term=txid254934
254933	Rhodomonas chrysoidea	https://www.ncbi.nlm.nih.gov/genome/?term=txid254933
195069	Rhodomonas maculata	https://www.ncbi.nlm.nih.gov/genome/?term=txid195069
52970	Rhodomonas salina	https://www.ncbi.nlm.nih.gov/genome/?term=txid52970
46948	Rhodomonas abbreviata	https://www.ncbi.nlm.nih.gov/genome/?term=txid46948
37097	Rhodomonas marina	https://www.ncbi.nlm.nih.gov/genome/?term=txid37097
1734947	Nannochloropsis australis	https://www.ncbi.nlm.nih.gov/genome/?term=txid1734947
286791	Nannochloropsis maritima	https://www.ncbi.nlm.nih.gov/genome/?term=txid286791
145522	Nannochloropsis oceanica	https://www.ncbi.nlm.nih.gov/genome/?term=txid145522
120807	Nannochloropsis limnetica	https://www.ncbi.nlm.nih.gov/genome/?term=txid120807
43926	Nannochloropsis granulata	https://www.ncbi.nlm.nih.gov/genome/?term=txid43926
43925	Nannochloropsis oculata	https://www.ncbi.nlm.nih.gov/genome/?term=txid43925
1333499	Nannochloropsis oceanica strain IMET1	https://www.ncbi.nlm.nih.gov/genome/?term=txid1333499
1027359	Nannochloropsis oceanica OZ-1	https://www.ncbi.nlm.nih.gov/genome/?term=txid1027359
1027358	Nannochloropsis oceanica CCMP531	https://www.ncbi.nlm.nih.gov/genome/?term=txid1027358
2859681	Nannochloropsis limnetica var. globosa	https://www.ncbi.nlm.nih.gov/genome/?term=txid2859681
1259849	Nannochloropsis granulata CCMP529	https://www.ncbi.nlm.nih.gov/genome/?term=txid1259849
1259847	Nannochloropsis oculata CCMP525	https://www.ncbi.nlm.nih.gov/genome/?term=txid1259847
948515	Lotharella reticulosa	https://www.ncbi.nlm.nih.gov/genome/?term=txid948515
641309	Lotharella oceanica	https://www.ncbi.nlm.nih.gov/genome/?term=txid641309
91324	Lotharella globosa	https://www.ncbi.nlm.nih.gov/genome/?term=txid91324
74820	Lotharella vacuolata	https://www.ncbi.nlm.nih.gov/genome/?term=txid74820
687948	Mamiella gilva	https://www.ncbi.nlm.nih.gov/genome/?term=txid687948
133427	Protoceratium reticulatum	https://www.ncbi.nlm.nih.gov/genome/?term=txid133427
3038056	Prorocentrum bidens	https://www.ncbi.nlm.nih.gov/genome/?term=txid3038056
3024769	Prorocentrum criophilum	https://www.ncbi.nlm.nih.gov/genome/?term=txid3024769
2968077	Prorocentrum pervagatum	https://www.ncbi.nlm.nih.gov/genome/?term=txid2968077
2902008	Prorocentrum cf. balticum	https://www.ncbi.nlm.nih.gov/genome/?term=txid2902008
2820087	Prorocentrum redfieldii	https://www.ncbi.nlm.nih.gov/genome/?term=txid2820087
2510644	Prorocentrum malayense	https://www.ncbi.nlm.nih.gov/genome/?term=txid2510644
2480831	Prorocentrum cf. foraminosum	https://www.ncbi.nlm.nih.gov/genome/?term=txid2480831
2364126	Prorocentrum cordatum	https://www.ncbi.nlm.nih.gov/genome/?term=txid2364126
2336759	Prorocentrum cf. sculptile	https://www.ncbi.nlm.nih.gov/genome/?term=txid2336759
2336758	Prorocentrum cf. norrisianum	https://www.ncbi.nlm.nih.gov/genome/?term=txid2336758
2336756	Prorocentrum cf. tropicale	https://www.ncbi.nlm.nih.gov/genome/?term=txid2336756
2082183	Prorocentrum cf. emarginatum	https://www.ncbi.nlm.nih.gov/genome/?term=txid2082183
2082182	Prorocentrum cf. fukuyoi	https://www.ncbi.nlm.nih.gov/genome/?term=txid2082182
2082181	Prorocentrum cf. lima	https://www.ncbi.nlm.nih.gov/genome/?term=txid2082181
2049697	Prorocentrum aff. foraminosum	https://www.ncbi.nlm.nih.gov/genome/?term=txid2049697
1971612	Prorocentrum caipirignum	https://www.ncbi.nlm.nih.gov/genome/?term=txid1971612
1912323	Prorocentrum emarginatum/fukuyoi complex	https://www.ncbi.nlm.nih.gov/genome/?term=txid1912323
1764971	Prorocentrum nux	https://www.ncbi.nlm.nih.gov/genome/?term=txid1764971
1764082	Prorocentrum koreanum	https://www.ncbi.nlm.nih.gov/genome/?term=txid1764082
1685954	Prorocentrum sipadanense	https://www.ncbi.nlm.nih.gov/genome/?term=txid1685954
1642934	Prorocentrum cf. emarginatum CAWD228	https://www.ncbi.nlm.nih.gov/genome/?term=txid1642934
1546148	Prorocentrum elegans	https://www.ncbi.nlm.nih.gov/genome/?term=txid1546148
1290334	Prorocentrum shikokuense	https://www.ncbi.nlm.nih.gov/genome/?term=txid1290334
1286876	Prorocentrum clipeus	https://www.ncbi.nlm.nih.gov/genome/?term=txid1286876
1286875	Prorocentrum foraminosum	https://www.ncbi.nlm.nih.gov/genome/?term=txid1286875
1286874	Prorocentrum cf. fukuyoi NC-2013	https://www.ncbi.nlm.nih.gov/genome/?term=txid1286874
1226012	Prorocentrum texanum	https://www.ncbi.nlm.nih.gov/genome/?term=txid1226012
1129381	Prorocentrum bimaculatum	https://www.ncbi.nlm.nih.gov/genome/?term=txid1129381
947509	Prorocentrum emarginatum/fukuyoi group EO-2011	https://www.ncbi.nlm.nih.gov/genome/?term=txid947509
936282	Prorocentrum glenanicum	https://www.ncbi.nlm.nih.gov/genome/?term=txid936282
936276	Prorocentrum pseudopanamense	https://www.ncbi.nlm.nih.gov/genome/?term=txid936276
693645	Prorocentrum consutum	https://www.ncbi.nlm.nih.gov/genome/?term=txid693645
492573	Prorocentrum fukuyoi	https://www.ncbi.nlm.nih.gov/genome/?term=txid492573
482955	Prorocentrum rostratum	https://www.ncbi.nlm.nih.gov/genome/?term=txid482955
482557	Prorocentrum nanum	https://www.ncbi.nlm.nih.gov/genome/?term=txid482557
482556	Prorocentrum cassubicum	https://www.ncbi.nlm.nih.gov/genome/?term=txid482556
469473	Prorocentrum tsawwassenense	https://www.ncbi.nlm.nih.gov/genome/?term=txid469473
439208	Prorocentrum sigmoides	https://www.ncbi.nlm.nih.gov/genome/?term=txid439208
439207	Prorocentrum sculptile	https://www.ncbi.nlm.nih.gov/genome/?term=txid439207
439206	Prorocentrum faustiae	https://www.ncbi.nlm.nih.gov/genome/?term=txid439206
439205	Prorocentrum arabianum	https://www.ncbi.nlm.nih.gov/genome/?term=txid439205
356485	Prorocentrum leve	https://www.ncbi.nlm.nih.gov/genome/?term=txid356485
281053	Prorocentrum donggang	https://www.ncbi.nlm.nih.gov/genome/?term=txid281053
281052	Prorocentrum tainan	https://www.ncbi.nlm.nih.gov/genome/?term=txid281052
268824	Prorocentrum aff. micans	https://www.ncbi.nlm.nih.gov/genome/?term=txid268824
260685	Prorocentrum dentatum	https://www.ncbi.nlm.nih.gov/genome/?term=txid260685
257771	Prorocentrum donghaiense	https://www.ncbi.nlm.nih.gov/genome/?term=txid257771
237474	Prorocentrum playfairi	https://www.ncbi.nlm.nih.gov/genome/?term=txid237474
237473	Prorocentrum foveolatum	https://www.ncbi.nlm.nih.gov/genome/?term=txid237473
237471	Prorocentrum rhathymum	https://www.ncbi.nlm.nih.gov/genome/?term=txid237471
237470	Prorocentrum gracile	https://www.ncbi.nlm.nih.gov/genome/?term=txid237470
235269	Prorocentrum borbonicum	https://www.ncbi.nlm.nih.gov/genome/?term=txid235269
235268	Prorocentrum hoffmannianum	https://www.ncbi.nlm.nih.gov/genome/?term=txid235268
235267	Prorocentrum belizeanum	https://www.ncbi.nlm.nih.gov/genome/?term=txid235267
72682	Prorocentrum emarginatum	https://www.ncbi.nlm.nih.gov/genome/?term=txid72682
72681	Prorocentrum concavum	https://www.ncbi.nlm.nih.gov/genome/?term=txid72681
72680	Prorocentrum maculosum	https://www.ncbi.nlm.nih.gov/genome/?term=txid72680
72679	Prorocentrum arenarium	https://www.ncbi.nlm.nih.gov/genome/?term=txid72679
72678	Prorocentrum panamense	https://www.ncbi.nlm.nih.gov/genome/?term=txid72678
72677	Prorocentrum mexicanum	https://www.ncbi.nlm.nih.gov/genome/?term=txid72677
71860	Prorocentrum balticum	https://www.ncbi.nlm.nih.gov/genome/?term=txid71860
39450	Prorocentrum triestinum	https://www.ncbi.nlm.nih.gov/genome/?term=txid39450
39449	Prorocentrum minimum	https://www.ncbi.nlm.nih.gov/genome/?term=txid39449
39448	Prorocentrum lima	https://www.ncbi.nlm.nih.gov/genome/?term=txid39448
2946	Prorocentrum mariae-labouriae	https://www.ncbi.nlm.nih.gov/genome/?term=txid2946
2945	Prorocentrum micans	https://www.ncbi.nlm.nih.gov/genome/?term=txid2945
81844	Mantoniella antarctica	https://www.ncbi.nlm.nih.gov/genome/?term=txid81844
13608	Mantoniella squamata	https://www.ncbi.nlm.nih.gov/genome/?term=txid13608
2706136	Nodularia nipponensis	https://www.ncbi.nlm.nih.gov/genome/?term=txid2706136
2217916	Nodularia jourdyi	https://www.ncbi.nlm.nih.gov/genome/?term=txid2217916
1903493	Nodularia nuxpersicae	https://www.ncbi.nlm.nih.gov/genome/?term=txid1903493
1830228	Nodularia douglasiae	https://www.ncbi.nlm.nih.gov/genome/?term=txid1830228
1970750	Nodularia douglasiae nipponensis	https://www.ncbi.nlm.nih.gov/genome/?term=txid1970750
1970748	Nodularia douglasiae biwae	https://www.ncbi.nlm.nih.gov/genome/?term=txid1970748
675836	Nodularia breviconcha	https://www.ncbi.nlm.nih.gov/genome/?term=txid675836
236787	Florenciella parvula	https://www.ncbi.nlm.nih.gov/genome/?term=txid236787
1000983	Pavlova granifera	https://www.ncbi.nlm.nih.gov/genome/?term=txid1000983
349099	Pavlova noctivaga	https://www.ncbi.nlm.nih.gov/genome/?term=txid349099
234595	Pavlova aff. salina PLY468	https://www.ncbi.nlm.nih.gov/genome/?term=txid234595
213180	Pavlova pseudogranifera	https://www.ncbi.nlm.nih.gov/genome/?term=txid213180
213179	Pavlova virescens	https://www.ncbi.nlm.nih.gov/genome/?term=txid213179
119481	Pavlova pinguis	https://www.ncbi.nlm.nih.gov/genome/?term=txid119481
44452	Pavlova gyrans	https://www.ncbi.nlm.nih.gov/genome/?term=txid44452
3026963	Dunaliella terricola	https://www.ncbi.nlm.nih.gov/genome/?term=txid3026963
3026962	Dunaliella minutissima	https://www.ncbi.nlm.nih.gov/genome/?term=txid3026962
3026961	Dunaliella granulata	https://www.ncbi.nlm.nih.gov/genome/?term=txid3026961
3026960	Dunaliella asymmetrica	https://www.ncbi.nlm.nih.gov/genome/?term=txid3026960
1227100	Dunaliella cf. bardawil CHPD3	https://www.ncbi.nlm.nih.gov/genome/?term=txid1227100
1227099	Dunaliella cf. bardawil CHPD2	https://www.ncbi.nlm.nih.gov/genome/?term=txid1227099
1227098	Dunaliella cf. bardawil CHPD1	https://www.ncbi.nlm.nih.gov/genome/?term=txid1227098
346904	Dunaliella quartolecta	https://www.ncbi.nlm.nih.gov/genome/?term=txid346904
346903	Dunaliella polymorpha	https://www.ncbi.nlm.nih.gov/genome/?term=txid346903
289300	Dunaliella maritima	https://www.ncbi.nlm.nih.gov/genome/?term=txid289300
289299	Dunaliella minuta	https://www.ncbi.nlm.nih.gov/genome/?term=txid289299
147863	Dunaliella lateralis	https://www.ncbi.nlm.nih.gov/genome/?term=txid147863
147822	Dunaliella peircei	https://www.ncbi.nlm.nih.gov/genome/?term=txid147822
140107	Dunaliella pseudosalina	https://www.ncbi.nlm.nih.gov/genome/?term=txid140107
140095	Dunaliella viridis	https://www.ncbi.nlm.nih.gov/genome/?term=txid140095
38272	Dunaliella acidophila	https://www.ncbi.nlm.nih.gov/genome/?term=txid38272
13790	Dunaliella bioculata	https://www.ncbi.nlm.nih.gov/genome/?term=txid13790
3048	Dunaliella parva	https://www.ncbi.nlm.nih.gov/genome/?term=txid3048
3047	Dunaliella tertiolecta	https://www.ncbi.nlm.nih.gov/genome/?term=txid3047
3046	Dunaliella salina	https://www.ncbi.nlm.nih.gov/genome/?term=txid3046
864894	Dunaliella atacamensis (nom. inval.)	https://www.ncbi.nlm.nih.gov/genome/?term=txid864894
1478115	Dunaliella parva f. eugametos	https://www.ncbi.nlm.nih.gov/genome/?term=txid1478115
881204	Dunaliella tertiolecta UTEX 'LB 999'	https://www.ncbi.nlm.nih.gov/genome/?term=txid881204
2511165	Microchloropsis salina	https://www.ncbi.nlm.nih.gov/genome/?term=txid2511165
1027362	Nannochloropsis salina CCMP537	https://www.ncbi.nlm.nih.gov/genome/?term=txid1027362
1027361	Nannochloropsis salina CCMP1776	https://www.ncbi.nlm.nih.gov/genome/?term=txid1027361
2555874	Chrysochromulina andersonii	https://www.ncbi.nlm.nih.gov/genome/?term=txid2555874
1510398	Chrysochromulina elegans	https://www.ncbi.nlm.nih.gov/genome/?term=txid1510398
1460289	Chrysochromulina tobinii	https://www.ncbi.nlm.nih.gov/genome/?term=txid1460289
1434934	Chrysochromulina birgeri	https://www.ncbi.nlm.nih.gov/genome/?term=txid1434934
696961	Chrysochromulina strobilus	https://www.ncbi.nlm.nih.gov/genome/?term=txid696961
561098	Chrysochromulina camella	https://www.ncbi.nlm.nih.gov/genome/?term=txid561098
418974	Chrysochromulina parkeae	https://www.ncbi.nlm.nih.gov/genome/?term=txid418974
412158	Chrysochromulina simplex	https://www.ncbi.nlm.nih.gov/genome/?term=txid412158
412157	Chrysochromulina rotalis	https://www.ncbi.nlm.nih.gov/genome/?term=txid412157
412156	Chrysochromulina leadbeateri	https://www.ncbi.nlm.nih.gov/genome/?term=txid412156
412154	Chrysochromulina cymbium	https://www.ncbi.nlm.nih.gov/genome/?term=txid412154
127563	Chrysochromulina parva	https://www.ncbi.nlm.nih.gov/genome/?term=txid127563
98217	Chrysochromulina campanulifera	https://www.ncbi.nlm.nih.gov/genome/?term=txid98217
97489	Chrysochromulina acantha	https://www.ncbi.nlm.nih.gov/genome/?term=txid97489
97488	Chrysochromulina throndsenii	https://www.ncbi.nlm.nih.gov/genome/?term=txid97488
97487	Chrysochromulina scutellum	https://www.ncbi.nlm.nih.gov/genome/?term=txid97487
72547	Chrysochromulina apheles	https://www.ncbi.nlm.nih.gov/genome/?term=txid72547
35141	Chrysochromulina alifera	https://www.ncbi.nlm.nih.gov/genome/?term=txid35141
2730362	Pyramimonas incertae sedis	https://www.ncbi.nlm.nih.gov/genome/?term=txid2730362
2730361	Pyramimonas subgen. Vestigifera	https://www.ncbi.nlm.nih.gov/genome/?term=txid2730361
2730354	Pyramimonas subgen. Pyramimonas	https://www.ncbi.nlm.nih.gov/genome/?term=txid2730354
1510397	Pyramimonas oltmannsii	https://www.ncbi.nlm.nih.gov/genome/?term=txid1510397
1411642	Pyramimonas obovata	https://www.ncbi.nlm.nih.gov/genome/?term=txid1411642
471943	Pyramimonas gelidicola	https://www.ncbi.nlm.nih.gov/genome/?term=txid471943
67781	Pyramimonas disomata	https://www.ncbi.nlm.nih.gov/genome/?term=txid67781
36893	Pyramimonas plurioculata	https://www.ncbi.nlm.nih.gov/genome/?term=txid36893
2801509	Pyramimonas octopora	https://www.ncbi.nlm.nih.gov/genome/?term=txid2801509
2730345	Pyramimonas tatianae	https://www.ncbi.nlm.nih.gov/genome/?term=txid2730345
1690225	Pyramimonas diskoicola	https://www.ncbi.nlm.nih.gov/genome/?term=txid1690225
647622	Pyramimonas cordata	https://www.ncbi.nlm.nih.gov/genome/?term=txid647622
36897	Pyramimonas tychotreta	https://www.ncbi.nlm.nih.gov/genome/?term=txid36897
36890	Pyramimonas moestrupii	https://www.ncbi.nlm.nih.gov/genome/?term=txid36890
36889	Pyramimonas mitra	https://www.ncbi.nlm.nih.gov/genome/?term=txid36889
36888	Pyramimonas mantoniae	https://www.ncbi.nlm.nih.gov/genome/?term=txid36888
36884	Pyramimonas cyclotreta	https://www.ncbi.nlm.nih.gov/genome/?term=txid36884
3033977	Pyramimonas superba	https://www.ncbi.nlm.nih.gov/genome/?term=txid3033977
3033976	Pyramimonas lamellipunctata	https://www.ncbi.nlm.nih.gov/genome/?term=txid3033976
3033975	Pyramimonas formosa	https://www.ncbi.nlm.nih.gov/genome/?term=txid3033975
132611	Pyramimonas australis	https://www.ncbi.nlm.nih.gov/genome/?term=txid132611
36887	Pyramimonas grossii	https://www.ncbi.nlm.nih.gov/genome/?term=txid36887
36883	Pyramimonas cirolanae	https://www.ncbi.nlm.nih.gov/genome/?term=txid36883
1582272	Pyramimonas vacuolata	https://www.ncbi.nlm.nih.gov/genome/?term=txid1582272
36896	Pyramimonas tetrarhynchus	https://www.ncbi.nlm.nih.gov/genome/?term=txid36896
36895	Pyramimonas propulsa	https://www.ncbi.nlm.nih.gov/genome/?term=txid36895
36891	Pyramimonas octopus	https://www.ncbi.nlm.nih.gov/genome/?term=txid36891
36885	Pyramimonas cyrtoptera	https://www.ncbi.nlm.nih.gov/genome/?term=txid36885
504061	Pyramimonas mucifera	https://www.ncbi.nlm.nih.gov/genome/?term=txid504061
145482	Pyramimonas aurea	https://www.ncbi.nlm.nih.gov/genome/?term=txid145482
36892	Pyramimonas olivacea	https://www.ncbi.nlm.nih.gov/genome/?term=txid36892
2891951	Porphyridium cruentum	https://www.ncbi.nlm.nih.gov/genome/?term=txid2891951
35688	Porphyridium purpureum	https://www.ncbi.nlm.nih.gov/genome/?term=txid35688
28024	Porphyridium sordidum	https://www.ncbi.nlm.nih.gov/genome/?term=txid28024
2792	Porphyridium aerugineum	https://www.ncbi.nlm.nih.gov/genome/?term=txid2792
90524	Rhodella reticulata	https://www.ncbi.nlm.nih.gov/genome/?term=txid90524
2801	Rhodella violacea	https://www.ncbi.nlm.nih.gov/genome/?term=txid2801
1326783	Rhinomonas nottbecki	https://www.ncbi.nlm.nih.gov/genome/?term=txid1326783
1326780	Rhinomonas reticulata	https://www.ncbi.nlm.nih.gov/genome/?term=txid1326780
46952	Rhinomonas pauca	https://www.ncbi.nlm.nih.gov/genome/?term=txid46952
2505927	Rhinomonas reticulata var. atrorosea	https://www.ncbi.nlm.nih.gov/genome/?term=txid2505927
1326782	Rhinomonas reticulata var. reticulata	https://www.ncbi.nlm.nih.gov/genome/?term=txid1326782
2316385	Coccomyxa cimbrica	https://www.ncbi.nlm.nih.gov/genome/?term=txid2316385
2203227	Coccomyxa greatwallensis	https://www.ncbi.nlm.nih.gov/genome/?term=txid2203227
2203226	Coccomyxa antarctica	https://www.ncbi.nlm.nih.gov/genome/?term=txid2203226
1965095	Coccomyxa elongata	https://www.ncbi.nlm.nih.gov/genome/?term=txid1965095
1929791	Coccomyxa silvae-gabretae	https://www.ncbi.nlm.nih.gov/genome/?term=txid1929791
1929790	Coccomyxa fottii	https://www.ncbi.nlm.nih.gov/genome/?term=txid1929790
1825603	Coccomyxa melkonianii	https://www.ncbi.nlm.nih.gov/genome/?term=txid1825603
1765723	Coccomyxa cf. olivacea 078	https://www.ncbi.nlm.nih.gov/genome/?term=txid1765723
1699017	Coccomyxa polymorpha	https://www.ncbi.nlm.nih.gov/genome/?term=txid1699017
1487873	Coccomyxa galuniae	https://www.ncbi.nlm.nih.gov/genome/?term=txid1487873
1487872	Coccomyxa vinatzeri	https://www.ncbi.nlm.nih.gov/genome/?term=txid1487872
1487871	Coccomyxa confluens	https://www.ncbi.nlm.nih.gov/genome/?term=txid1487871
1411914	Coccomyxa cf. pringsheimii TF-2013	https://www.ncbi.nlm.nih.gov/genome/?term=txid1411914
1274662	Coccomyxa viridis	https://www.ncbi.nlm.nih.gov/genome/?term=txid1274662
1125364	Coccomyxa onubensis	https://www.ncbi.nlm.nih.gov/genome/?term=txid1125364
1006971	Coccomyxa actinabiotis	https://www.ncbi.nlm.nih.gov/genome/?term=txid1006971
989201	Coccomyxa morovi	https://www.ncbi.nlm.nih.gov/genome/?term=txid989201
860293	Coccomyxa gobiodoni	https://www.ncbi.nlm.nih.gov/genome/?term=txid860293
860292	Coccomyxa colurodontidis	https://www.ncbi.nlm.nih.gov/genome/?term=txid860292
482347	Coccomyxa parasitica	https://www.ncbi.nlm.nih.gov/genome/?term=txid482347
390487	Coccomyxa jirilomi	https://www.ncbi.nlm.nih.gov/genome/?term=txid390487
248742	Coccomyxa subellipsoidea	https://www.ncbi.nlm.nih.gov/genome/?term=txid248742
243127	Coccomyxa solorinae	https://www.ncbi.nlm.nih.gov/genome/?term=txid243127
676789	Prasinoderma singulare	https://www.ncbi.nlm.nih.gov/genome/?term=txid676789
156133	Prasinoderma coloniale	https://www.ncbi.nlm.nih.gov/genome/?term=txid156133
2976329	Rivularia ovum	https://www.ncbi.nlm.nih.gov/genome/?term=txid2976329
2976328	Rivularia globosa	https://www.ncbi.nlm.nih.gov/genome/?term=txid2976328
2023863	Rivularia auriculata	https://www.ncbi.nlm.nih.gov/genome/?term=txid2023863
